# name	lat	lon	state	admin	pop  — GeoNames (CC-BY 4.0), NE India + Sikkim
aalo hq	28.1617	94.8045	AR	1	29763
abdullapur	24.3374	92.2979	TR	0	0
abhaipur	27.0326	94.3243	AS	0	0
abhaipuriagaon	26.7192	94.4206	AS	0	0
abhayapuri	26.3225	90.6853	AS	0	15847
abongkethe	26.1967	92.9615	AS	0	0
acheshon	28.9239	95.9748	AR	0	0
adabari	26.2927	91.4326	AS	0	0
adugiri	25.4439	90.2232	ML	0	0
agamani	26.2017	89.7746	AS	0	0
agamoni	26.2140	89.7795	AS	1	171951
agartala	23.8361	91.2794	TR	0	400004
aghunato	25.9488	94.5774	NL	1	14272
agrong	26.5964	90.7318	AS	0	0
agrophathal	25.7558	90.9028	AS	0	0
ahale	27.1646	88.3137	SK	0	0
ahataguri	26.8333	93.8667	AS	0	0
ahaturi natua gaon	26.2619	92.3246	AS	0	0
aholin	28.4419	95.6999	AR	0	0
ahomgaon	26.7261	94.1217	AS	0	0
ahompathar	26.5086	90.8837	AS	0	0
aibawk	23.4927	92.7269	MZ	1	17128
aichisagami	26.1192	94.5922	NL	0	0
aihol	23.9333	93.9833	MN	0	0
ainak	22.3765	93.1579	MZ	0	0
aitepyong	26.3331	94.2842	NL	1	15839
aizawl	23.8241	92.7652	MZ	1	400309
akhegwo	25.7219	94.6799	NL	0	0
akhria	27.1403	88.1072	SK	0	0
akogaon	26.5704	93.9209	AS	0	0
akolin	28.7999	95.9317	AR	0	0
aksiguri	26.3203	89.8564	AS	0	0
akuhaito	26.0813	94.4337	NL	1	3876
akuluto	26.2051	94.4785	NL	1	6612
alakjhar	26.4248	89.9431	AS	0	0
alakjhari	26.2570	89.8734	AS	0	0
alampaiyam	11.4569	77.1675	MZ	0	0
alengi gaon	26.5762	94.1424	AS	0	0
algapur	24.7763	92.6029	AS	1	127585
algpur	24.8668	92.6872	AS	0	0
alikakh	26.1078	91.2708	AS	0	0
alongkima	26.5233	94.4990	NL	1	3962
alonung	28.3833	95.5500	AR	0	0
amahator	25.9556	94.7294	NL	1	8302
amaravila	8.3934	77.1066	MZ	0	0
amarpur	23.5907	91.6837	TR	1	106045
amatulla	26.9476	92.1387	AR	0	0
ambasa	23.9360	91.8544	TR	0	16285
ambassa	23.8279	91.8794	TR	1	70903
ambicapur pt vi	24.7826	92.7892	AS	0	7971
ambicapur pt viii	24.8209	92.7754	AS	0	11691
ambikapur part-x	24.7993	92.7920	AS	0	14283
amguri	26.8412	94.5719	AS	1	144009
amguri bazar	26.6352	90.5642	AS	0	0
amguri nepali	27.3310	95.2449	AS	0	0
amihora	26.3516	89.9986	AS	0	0
amili	28.4209	95.8506	AR	0	0
amingaon	26.1849	91.6786	AS	0	8855
amlai	27.2463	88.4557	SK	0	0
amlakhi	25.9473	93.5097	AS	0	0
amlarem	25.2595	92.0921	ML	1	43844
amlighat	26.1173	92.2747	AS	0	0
ampati	25.4623	89.9333	ML	0	0
ampi bazar	23.6240	91.6126	TR	0	0
amraghat	24.6038	92.9563	AS	0	0
amranga	26.0365	91.5265	AS	0	0
amrikhoa	26.3489	91.2508	AS	0	0
amring	25.7432	92.8148	AS	0	0
amtala	26.0779	91.4179	AS	0	0
amtika	26.7614	90.5280	AS	0	0
anand nagar	26.2240	90.2266	AS	0	2050
anandanagar	23.8087	91.3130	TR	0	13814
andro	24.7485	94.0430	MN	0	8744
anelih	28.5924	95.5294	AR	1	563
angatsi	28.3177	95.5225	AR	0	0
angbrashu	24.3931	94.0106	MN	0	0
angem	25.0629	94.0912	MN	0	0
angjangyang	26.5041	94.9597	NL	1	19443
angphang	26.5004	94.9793	NL	0	0
anini	28.7531	95.8389	AR	1	3049
anjakpani	26.4500	93.1000	AS	0	0
anjaw	28.0655	96.8288	AR	1	0
aochagalimi	26.1448	94.5272	NL	0	0
apranli	28.5068	95.8596	AR	0	0
apruenyi	28.5885	95.8405	AR	0	0
aquqhnaqua	25.9343	93.9893	NL	1	9058
ardai	28.4539	95.5039	AR	0	0
arearjhar pt i	26.2682	90.4149	AS	0	0
arimara	26.0444	90.6575	AS	0	0
aritar	27.1852	88.6653	SK	0	0
aritar barbati	27.1777	88.6646	SK	0	0
aropu	28.6333	95.9667	AR	0	0
arubote	27.1738	88.2443	SK	0	0
asangthang	27.1535	88.3316	SK	0	0
ashalin	28.5727	95.5444	AR	0	0
asonli	28.7104	95.6355	AR	0	0
asudubi	26.0232	90.6658	AS	0	7356
asukukhwami	26.0759	94.5392	NL	0	0
asuto	26.1354	94.6647	NL	1	7111
atengba	24.9232	93.3505	MN	0	0
atgharitari	26.2529	89.8023	AS	0	0
athani	26.1688	90.0859	AS	1	7397
atharikhat	26.7214	91.7487	AS	0	0
athibung	25.5701	93.5075	NL	1	14367
athkhel	26.7962	94.6550	AS	0	0
atoizu	26.0995	94.5131	NL	1	8740
attiuttu	8.8776	77.4557	MZ	0	0
aujari	26.2363	92.2910	AS	0	0
auniati sattra	26.9000	94.0833	AS	0	0
azara	26.1005	91.6348	AS	1	64247
bacha	27.1167	93.6667	AR	0	0
bachagaon	27.1353	94.1164	AS	0	0
badagaon	26.8223	92.1792	AS	0	0
badaniakhia	26.3026	91.4265	AS	0	0
badarpur	24.8156	92.4913	AS	1	164703
badarpur railway town	24.8711	92.5704	AS	0	8882
badati	26.9507	93.9605	AS	0	0
badlapathar	26.2502	90.9713	AS	0	0
badulahati	26.9532	93.8394	AS	0	0
bag-o-bahar pt iii	24.5877	92.7021	AS	0	0
bag-o-bahar pt v	24.5865	92.6860	AS	0	0
bagafa	23.3330	91.5829	TR	0	0
baganpara pt	26.6942	91.4329	AS	1	69741
bagarigaon	25.9680	92.6052	AS	0	0
bagbor	26.2167	90.8500	AS	0	0
bagha bazar	24.5387	92.8374	AS	0	0
baghadahar	24.6090	92.3310	AS	0	0
baghamara	25.1895	90.6479	ML	0	13131
baghbor	26.2287	90.9071	AS	1	306065
baghdokra	26.3530	89.7990	AS	0	0
baghjap	26.1700	92.2190	AS	0	0
baghmara	25.3612	90.6266	ML	1	50617
baghty	26.2582	94.1884	NL	1	2496
bagra	28.0817	94.7531	AR	0	0
bagra circle	28.0839	94.7513	AR	1	2646
bagribari	26.1989	90.1292	AS	0	0
bagribari pt	26.2302	90.0042	AS	1	120217
baguliaghat	26.0570	93.1934	AS	0	0
bahadurpara	23.9500	92.0843	TR	0	0
bahadurpur	24.7560	92.3738	AS	0	0
bahbari gaon	27.4806	95.3263	AS	0	6821
baida	26.0285	90.4054	AS	0	0
baihata	26.3584	91.7046	AS	0	0
baijak	27.1430	88.1775	SK	0	0
baimho	26.0293	94.5534	NL	0	0
baisalu	27.1361	88.2975	SK	0	0
baishya para	26.4627	91.4072	AS	0	0
baitha langso	25.9703	92.5943	AS	0	0
bajali	26.5267	91.1668	AS	1	330190
bajali pt	26.5064	91.2038	AS	1	181494
bajengdoba	25.8448	90.4221	ML	1	46144
bajugaon	26.4902	89.8896	AS	0	0
baksa	26.6980	91.1514	AS	1	950075
baktawng	23.5366	92.8467	MZ	0	0
baladhan	25.0648	93.2184	AS	0	0
balagaon	26.1322	91.3309	AS	0	0
balajan	26.1536	89.9648	AS	0	0
balapara	26.2585	91.1281	AS	0	0
balarbitha	26.3907	91.0215	AS	0	0
balek	28.0643	95.2918	AR	0	0
balemu	26.9594	92.1461	AR	0	0
balemu circle	26.9431	92.1809	AR	1	816
bali koria	26.4393	91.4225	AS	0	6359
baligaon	27.6516	94.6752	AS	0	0
balijan	27.5316	95.1752	AS	0	0
balijan adc	26.9953	93.5812	AR	1	6679
balijana	26.0579	90.4692	AS	1	280438
balikuchi	26.1542	92.4810	AS	0	0
balimari	26.4882	89.9847	AS	0	0
balimora	27.3779	95.2828	AS	0	0
balipara	26.8198	92.6840	AS	0	0
balipukhuri	27.0102	93.7651	AS	0	0
bamaijhora	26.3943	89.9971	AS	0	0
bameng	27.5466	92.9477	AR	0	0
bameng adc	27.5176	92.9374	AR	1	5421
bampara	26.2953	91.1509	AS	0	0
bampurbari	23.5586	91.6328	TR	0	0
bamun baradi	26.3298	91.0658	AS	0	0
bamun sualkuchi	26.1683	91.5817	AS	0	7628
bamunbari	26.5257	91.2843	AS	0	0
bamungaon	26.9222	94.1636	AS	0	0
bamunkuchi	26.5056	91.2241	AS	0	0
bamutia	23.9641	91.2868	TR	0	0
bana eac	27.2344	92.8637	AR	1	603
bandapara	25.9461	91.1055	AS	0	0
banderdeva	27.0956	93.8270	AR	0	0
banderdewa circle	27.0579	93.7183	AR	1	8523
baneikuchi	26.5087	91.8916	AS	0	0
banekuchi	26.4816	91.3980	AS	1	44050
bangali garigaon	26.7905	94.5737	AS	0	0
bangaon	26.4167	91.3333	AS	0	5873
banglabari bagicha	26.4266	90.2163	AS	0	0
bangsi	25.8601	90.7352	ML	0	0
banguk	28.0279	95.5402	AS	0	0
baniargool	24.7803	92.4579	AS	0	0
banikuchi	26.5087	91.8916	AS	0	0
banjaguri	26.3497	89.7965	AS	0	0
bankimnagar	23.8187	91.4313	TR	0	11949
banmurigaon	26.3500	92.2333	AS	0	0
bansbari	26.4218	89.9949	AS	0	0
bansbera	26.7558	92.5891	AS	0	0
bansipara	26.3407	89.8508	AS	0	0
banskandi	24.8033	92.8736	AS	0	0
banskata	25.9570	90.0476	AS	0	0
bapujar	26.8165	93.1786	AS	0	0
bapung	25.4095	92.3093	ML	0	0
bar dambuk	26.0500	93.5392	AS	0	0
bar dhoa	26.4133	92.5445	AS	0	0
bara bazari	24.4380	92.3222	AS	0	0
bara bongiedisa	25.3653	93.2044	AS	0	0
bara digar	25.3741	93.3022	AS	0	0
bara laokuti	26.3371	89.8123	AS	0	0
bara pani	25.6789	91.9267	ML	0	0
bara pathing	27.2452	88.6950	SK	0	0
barabadha	26.3609	89.9075	AS	0	0
baraigaon	26.6100	91.5774	AS	0	0
barajangaon	26.3294	89.8867	AS	0	0
barakhola	24.9318	92.7442	AS	0	0
baralimarigaon	26.3514	92.1588	AS	0	0
barama	26.5251	91.3494	AS	0	0
barama pt	26.5569	91.3641	AS	1	68776
barangabari	26.4540	91.9188	AS	0	0
barapunjee pt i	24.7933	92.2889	AS	0	0
barato	25.6086	92.4591	ML	0	0
barbaru	27.4000	94.8667	AS	0	0
barbhag	26.3823	91.4940	AS	1	75132
barchola	26.6000	92.3833	AS	0	0
barduar	25.9219	91.4759	AS	0	0
bardubi road	27.4015	95.3176	AS	0	0
bareng	27.1731	88.0898	SK	0	0
barhalla	26.4500	94.1500	AS	0	0
barhat	27.1424	95.2863	AS	0	0
barigaon dighalipara	26.6359	92.3534	AS	0	0
barika chuburi	26.6363	92.8085	AS	0	7911
baririjo	27.9321	94.4530	AR	0	0
baririjo circle	27.8717	94.4596	AR	1	3548
barjabil	26.4907	89.9589	AS	0	0
barjala	23.6182	91.3560	TR	0	17998
barjhar	26.5333	91.3667	AS	0	0
barjhora	26.2765	89.9715	AS	0	0
barkhetri	26.2555	91.3263	AS	1	202196
barkuti	26.3204	90.1530	AS	0	0
barlum	25.8716	93.4774	AS	0	0
barmara	26.3406	91.2002	AS	0	0
barmiak	27.2267	88.4738	SK	0	0
barnagar banekuchi	26.4753	91.3832	AS	0	0
barnagar pt	26.5088	90.9132	AS	1	214123
barni hat	26.0426	91.8660	ML	0	0
barpathar	26.2871	93.8884	AS	0	7657
barpeta	26.3080	90.9971	AS	1	1693622
barpeta road	26.5028	90.9694	AS	0	35571
bartala	26.2682	91.3173	AS	0	0
barua bari gaon	26.1180	91.9656	AS	0	5444
baruagaon	26.4500	94.0833	AS	0	0
basar	27.9901	94.6945	AR	0	4284
basar adc	27.9687	94.6987	AR	1	11637
basbari	26.2069	89.9023	AS	0	0
baska	26.6234	91.0074	AS	1	323838
basugaon	26.4674	90.4195	AS	0	13849
batabari	26.8337	92.2239	AS	0	0
batarashi	24.8694	92.3349	AS	0	7001
bataw	25.2302	92.2435	ML	0	0
batelegaon	27.6731	94.6902	AS	0	0
bater	26.2752	89.8133	AS	0	0
bathegaon	26.4628	93.7263	AS	0	0
batikuriha	26.2942	91.0993	AS	0	0
baut bazar	25.7366	92.6896	AS	0	0
bazar veng	22.8924	92.7459	MZ	0	0
behali	26.8325	93.3452	AS	0	0
behiating	27.3955	94.8974	AS	0	0
bekattari	26.2830	91.2957	AS	0	0
beloguri	26.6777	93.5990	AS	0	0
belonia	23.2201	91.5157	TR	1	168645
belpara	26.3234	89.8055	AS	0	0
belphabari	24.1341	91.6877	TR	0	0
belsiri	26.7904	92.5333	AS	0	0
belsor	26.3818	91.3516	AS	0	8523
beltola	25.8591	93.4459	AS	0	0
benghari	26.7403	91.9687	AS	0	0
bengtol	26.7298	90.5194	AS	1	47348
berabak	24.7417	93.1154	MN	0	0
berung	27.9159	95.4157	AS	0	0
betagithim	25.2556	90.4898	ML	0	0
betanigaon	27.2794	95.0284	AS	0	0
betasing	25.4985	89.9804	ML	1	41715
betjan gaon	27.4991	95.4437	AS	0	0
betoni	26.9110	93.8466	AS	0	0
bhadoi pachali	27.3011	95.3439	AS	0	0
bhadra	27.0373	94.8285	AS	0	0
bhaga bazar	24.6853	92.7610	AS	0	0
bhairabi	24.1954	92.5454	AS	0	4320
bhairiguri	26.4441	89.9157	AS	0	0
bhalok	24.9927	93.5238	MN	0	0
bhalukdubi	26.1575	90.6131	AS	0	9636
bhalukhop	27.2433	88.1756	SK	0	0
bhalukmara	26.6833	94.4667	AS	0	0
bhalukpong eac	27.0609	92.5208	AR	1	5042
bhalukpung	27.0500	92.6000	AR	0	0
bhandari	26.1999	94.0992	NL	1	17124
bhanga	24.8552	92.4858	AS	0	0
bhangamur	26.2814	92.3086	AS	0	0
bhaorajhora	26.2590	89.9759	AS	0	0
bharegaon	26.3000	91.6848	AS	0	0
bhasanigaon	26.3072	90.2276	AS	0	0
bhasme	27.1983	88.5869	SK	0	0
bhatipara	26.4535	90.8163	AS	0	0
bhatupara	26.4320	89.9757	AS	0	0
bhaulaguri	26.4720	89.9848	AS	0	0
bhauraguri	26.4260	90.0735	AS	0	0
bhawanipur	26.4576	91.0658	AS	0	0
bhebelingaon	27.5448	94.6396	AS	0	0
bhella	26.2989	91.0760	AS	0	0
bherbherigaon	26.3081	89.8768	AS	0	0
bhergaon	26.7094	92.3641	AS	0	0
bhoilymbong	25.7097	92.0212	ML	0	0
bhoirymbong	25.7338	92.0606	ML	1	65388
bhomrabil	26.4652	89.9041	AS	0	0
bhowraguri	26.3786	90.0637	AS	1	98486
bhowraguri satbil ii	26.4267	90.0688	AS	0	0
bhuragaon	26.3752	92.2155	AS	1	123469
bhurakata	25.6269	89.9117	AS	0	0
bhurkuchi	26.5404	91.2915	AS	0	0
bhurtuk	27.3458	88.6137	SK	0	0
bhutiagaon	26.7667	94.1833	AS	0	0
bhuyarkuchi	26.4755	91.4543	AS	0	0
bi ingli	26.4697	93.4308	AS	0	0
biale	23.2428	93.1270	MZ	0	0
biate	23.2487	93.1214	MZ	0	2277
bidyardabri	26.2649	89.7866	AS	0	0
bihar khun	25.9513	93.1973	AS	0	0
bihiating gaon	27.5480	95.4295	AS	0	0
bihpuria	27.0697	93.9595	AS	1	210165
bihpuriagaon	27.0172	93.9167	AS	0	11780
bihuguri	26.6742	92.7026	AS	0	0
bijni	26.4959	90.7030	AS	0	13257
bijni pt	26.6255	90.7272	AS	1	285560
bijoynagar	26.1027	91.5068	AS	0	0
bikmat	27.1549	88.4553	SK	0	0
bikrampur	24.9239	92.6567	AS	0	0
bilasipara	26.2328	90.2341	AS	0	37739
bilasipara pt	26.2463	90.1908	AS	1	326172
bilat	27.9395	95.1943	AR	0	0
bilat circle	27.9765	95.1887	AR	1	4734
bilkhawthlir	24.3285	92.7209	MZ	1	58487
bilkhawtlir	24.2920	92.6939	AS	0	0
bilmukh	27.3005	94.3303	AS	0	0
bilpar	26.5629	91.2518	AS	0	0
bindukuri	26.7167	92.7167	AS	0	0
bindula	27.7787	93.7852	AR	0	0
binnakandi	24.7250	92.9790	AS	0	0
binoigutia	27.4661	95.0781	AS	0	0
birinchiguri	26.7165	90.4479	AS	0	0
birpara	26.0214	91.2624	AS	0	0
bisalgarh	23.6760	91.2832	TR	0	21085
bishalgarh	23.6602	91.2708	TR	1	175482
bishanpur	26.3493	89.8861	AS	0	0
bishenpur	24.6282	93.7609	MN	0	0
bishnath	26.6668	93.1645	AS	0	0
bishnupur	24.6077	93.7800	MN	1	237399
bishramganj	23.6058	91.3435	TR	0	0
bishwarpur	25.0000	92.4500	ML	0	0
biswanath	26.7756	93.2535	AS	1	346624
biswanath chariali	26.7258	93.1466	AS	0	19145
boalipar	24.7187	92.5791	AS	0	0
boaroami	25.5760	93.8647	NL	0	0
bogadol	25.9436	90.1701	AS	0	0
bogaigaon	27.2282	94.7964	AS	0	0
bogar gaon	26.5861	94.1539	AS	0	0
boginadi	27.4154	94.6840	AS	0	0
bohari	26.2544	91.1391	AS	0	8264
boitamari	26.2613	90.5194	AS	1	127396
bokajan	26.0213	93.7794	AS	0	19877
bokakhat	26.6778	93.5508	AS	1	161627
bokrong	27.1482	88.4657	SK	0	0
bokuloni	27.3581	95.3902	AS	0	0
boldakgiri	25.8268	90.1314	AS	0	0
boleng	28.3341	94.9623	AR	0	2979
boleng adc	28.4111	94.9364	AR	1	5776
boljang	24.6236	94.3980	MN	0	0
bolung	28.0535	95.6767	AS	0	0
bomak	28.2418	95.5282	AR	0	0
bomdila	27.2647	92.4247	AR	0	8370
bomdila hq	27.2574	92.4123	AR	1	9792
bomdo	28.7510	94.8969	AR	0	0
bomjur	28.1143	95.6926	AR	0	0
bondukbangsora	22.0304	92.6296	MZ	0	628
bongaigaon	26.4603	90.6464	AS	1	738804
bongaigaon pt	26.4162	90.5796	AS	1	279953
bongba khulen	24.8358	94.4837	MN	0	0
bongbal khulen	24.7200	94.1609	MN	0	0
bongkhar circle	27.5001	91.7836	AR	1	1256
bor ali	26.9932	94.6334	AS	0	0
borbil	26.9893	94.7498	AS	0	0
borbila	26.4728	90.8083	AS	0	0
borboha	26.0152	92.9252	AS	0	0
bordoloni	27.4029	94.4187	AS	0	0
bordubi	27.3995	95.3125	AS	0	0
bordumsa	27.5132	95.8826	AR	0	0
bordumsa adc	27.4769	95.9668	AR	1	29045
borduria	27.0317	95.4771	AR	0	0
borduria circle	27.0641	95.4532	AR	1	4156
borduttighat	26.9500	93.9667	AS	0	0
borgaon	26.5971	90.8032	AS	0	0
borghoria	26.6019	93.7969	AS	0	0
borhula	26.0306	93.8766	AS	0	0
boriagaon	26.6991	91.2778	AS	0	0
borigaon	26.3660	92.4530	AS	0	0
borjan	26.7649	94.8335	NL	0	0
borka	26.2899	91.6724	AS	0	0
borkanda sapatgram	26.2309	90.1530	AS	0	0
borobinnyakhata- ii	26.4592	90.0618	AS	0	0
borpak	26.6858	93.7410	AS	0	0
borpani	25.6470	91.8781	ML	0	0
borpukhuri	26.0155	92.8452	AS	0	8318
borum	27.1357	93.5799	AR	1	825
bosagaon	26.4631	94.1130	AS	0	0
botsa	25.8369	94.0888	NL	1	6695
brahmakund	27.8746	96.3628	AR	0	0
brajamahanbari	24.0299	91.5022	TR	0	0
briddhanagar	23.8445	91.3514	TR	0	7041
bruini	29.1563	96.1489	AR	0	0
bualpui	24.0963	92.6831	MZ	0	0
buangpui	23.2361	92.7455	MZ	0	0
buarpui	24.1000	92.6000	MZ	0	0
budang	27.2172	88.5477	SK	0	0
budrutop	26.3167	91.0000	AS	0	0
budura gaon	26.6721	91.7892	AS	0	0
bukhmai tuak	24.1530	92.6894	MZ	0	0
bukpi	24.2128	93.2420	MN	0	0
bukpui	23.3578	92.8446	MZ	0	0
bumtar	27.1562	88.3713	SK	0	0
bungte chiru	24.6973	93.7269	MN	1	8351
bungtlang	23.1833	92.9000	MZ	0	0
bura timung	26.1746	93.6559	AS	0	0
burabe	25.7138	93.3323	AS	0	0
buragaon eac	27.2091	92.6806	AR	1	3154
burakek	26.0031	93.1639	AS	0	0
burdang	27.2179	88.4923	SK	0	0
burhi khow	27.2898	94.9252	AS	0	0
buri bazar	24.7122	93.8387	MN	0	0
buri khamar	26.5521	90.9004	AS	0	0
burichatan	26.4755	89.9271	AS	0	0
burikhop	27.1793	88.1703	SK	0	0
burul	27.2017	88.4610	SK	0	0
burung	27.2470	88.5242	SK	0	0
cachar	24.7821	92.8577	AS	1	1736617
campbellpur	26.3864	89.8744	AS	0	0
chabua	27.5609	95.1516	AS	1	159585
chagalchari	26.4588	91.1761	AS	0	0
chaglagam	28.3007	96.5805	AR	0	0
chaglagam circle	28.3459	96.6117	AR	1	1070
chahong khuno	24.8846	94.6354	MN	0	0
chaikambao	25.2055	92.9839	AS	0	0
chakali pathar	26.2789	93.9228	AS	0	0
chakalia	27.1350	94.8235	AS	0	0
chakhabama	25.6698	94.1951	NL	0	0
chakialgaon	27.1565	94.7293	AS	0	0
chakpi karong	24.2061	93.9017	MN	0	0
chakpikarong	24.1148	93.8417	MN	1	33229
chakung	27.1506	88.2440	SK	0	0
chalamthang	27.2168	88.4725	SK	0	0
chalan	27.4000	92.7500	AR	0	0
chalantapara pt iv	26.2618	90.5849	AS	0	5744
chalong	24.2416	94.0672	MN	0	0
chaltlang	23.7490	92.7255	MZ	0	0
chamaria	26.0963	91.1256	AS	1	126604
chambang	27.7765	93.7789	AR	0	0
chambang circle	27.8404	93.7659	AR	1	5347
chameliang	28.0789	96.5343	AR	0	0
chamluk	27.2055	88.3360	SK	0	0
chammu	25.0610	94.6511	MN	0	0
champhai	23.4744	93.3256	MZ	1	125745
chandel	24.3120	94.0291	MN	1	32133
chandigarh	23.5021	91.3371	TR	0	5607
chandmari	27.3379	88.6226	SK	0	0
chandpur	26.4215	89.9302	AS	0	0
chandrapur	26.2034	91.9104	AS	1	49277
chandrapur baghicha	26.2377	91.9291	AS	0	5106
chandrasadhubari	23.8075	91.5100	TR	0	0
changchang	26.5872	94.4536	AS	0	0
changlang	27.3626	96.3452	AR	1	0
changlang hq	27.1785	95.7514	AR	1	10624
changmai gaon	27.0157	94.6644	AS	0	0
changmun	24.5718	93.2527	MN	0	0
changpang	26.4509	94.2470	NL	1	5752
changro	27.7832	96.3504	AR	0	0
changsari	26.2643	91.6839	AS	0	5354
changtongya	26.5318	94.6398	NL	1	17372
chantam	27.7008	96.2226	AR	0	0
chantongia	26.5459	94.6856	NL	0	7532
chaorokiagaon	27.1040	94.4354	AS	0	0
chapakhowa town	27.9153	95.7664	AS	0	10305
chapanalla	26.3367	92.8807	AS	0	0
chapar	26.2727	90.4456	AS	0	20322
chapar pt	26.2685	90.4133	AS	1	139122
chaparmukh	26.1998	92.5175	AS	0	0
chapra	24.8704	92.5579	AS	0	11220
charaideo	27.0560	95.0325	AS	1	0
charduar	26.8579	92.7668	AS	0	0
chare	26.2829	94.6101	NL	1	11156
chareimna	28.1914	96.6637	AR	0	0
chariali	26.6726	94.0108	AS	0	0
chariduar	26.8337	92.7848	AS	1	436027
charingia gaon	26.7334	94.1459	AS	0	5094
charipara	23.8091	91.2481	TR	0	19598
charka hai	25.6782	93.2394	AS	0	0
charoi chakoklong	24.7699	93.6352	MN	0	0
chassud	24.7978	94.5099	MN	0	0
chatachara	24.2833	92.4333	AS	0	0
chatibor gaon	26.5181	90.5229	AS	0	8231
chaton	25.2976	93.7284	MN	0	0
chattrik	24.9659	94.6188	MN	0	0
chauldhoa baligaon	27.4340	94.3177	AS	0	0
chautare	27.1705	88.3091	SK	0	0
chawmanu	23.8516	91.9941	TR	0	0
chawngte	22.3730	92.6082	MZ	1	45307
chawngte c	22.6190	92.6360	MZ	0	0
chayangtajo	27.6762	93.1322	AR	0	0
chayangtajo adc	27.7290	93.1429	AR	1	6937
chebti	24.0190	91.6250	TR	0	0
chedamari	26.5230	90.3535	AS	0	0
chekonidhara	26.7350	94.2113	AS	0	9026
chemgeng	27.2197	93.1032	AR	0	0
chemir	27.7301	94.0183	AR	0	0
chenga	26.2349	91.1364	AS	1	142845
chengele	28.7796	96.2500	AR	0	0
chenggalgiri	25.7405	90.2879	ML	0	0
chenijan	26.7822	94.2872	AS	0	0
chentang	27.2459	88.7200	SK	0	0
chepwe	28.6138	95.4938	AR	0	0
cheran	25.7305	90.6912	ML	0	0
cherrapunjee	25.3009	91.6962	ML	0	11722
chesa	27.0081	93.7113	AS	0	0
cheshorr	26.0898	94.7461	NL	0	0
chessore	26.0970	94.7335	NL	1	6300
cheswezumi	25.6802	94.2718	NL	0	0
chetam	28.0285	94.0392	AR	0	0
chetam peer yapu circle	28.0216	94.0547	AR	1	3834
chetheba	25.6671	94.2656	NL	1	13632
chetiagaon	27.3145	94.4150	AS	0	0
chhaguli	26.2841	89.7568	AS	0	0
chhanggu	27.3768	88.7725	SK	0	0
chhatibargaon	26.5442	90.5177	AS	0	0
chhaygaon	25.9108	91.3128	AS	1	121628
chhimluang	24.3888	92.7202	MZ	0	0
chho thuibe	27.3852	88.8219	SK	0	0
chhota dirak	27.7021	95.7589	AR	0	0
chhota pathing	27.2305	88.6909	SK	0	0
chhuba	27.7228	88.7498	SK	0	0
chhubakha	27.8288	88.8149	SK	0	0
chhumkhum	22.8236	92.6053	MZ	0	0
chiahpui	24.0220	93.1885	MZ	0	0
chibilbang	25.7074	90.7471	ML	0	0
chibongbonggiri	25.6779	90.1967	ML	0	0
chibuni	28.6730	96.1657	AR	0	0
chidam	27.1234	88.4218	SK	0	0
chiephobozou	25.7889	94.0982	NL	1	19692
chilivai phaibung	25.3511	94.3184	MN	1	29060
chimakudi	25.7789	93.7847	NL	0	0
chimche	27.2187	88.3735	SK	0	0
chinatoli	27.0371	93.9636	AS	0	0
chingai	25.2968	94.4643	MN	1	20425
chingjui	25.4045	94.4208	MN	0	0
chingmai khullen	25.4695	94.3611	MN	0	0
chingmei	26.2681	94.9688	NL	1	3694
chingtang	26.6240	94.9190	NL	0	0
chinna-sittulotti	9.6491	77.7810	MZ	0	0
chipoketami	25.7988	94.4827	NL	0	0
chira	27.7256	96.4851	AR	0	0
chirang	26.5253	90.4907	AS	1	482162
chirukandi	25.0165	92.5490	AS	0	0
chisimgiri	25.8821	90.4411	AS	0	0
chithilagram	26.4016	90.1635	AS	0	0
chittarkottal	9.4276	78.9015	MZ	0	0
chiuri bote	27.2053	88.5262	SK	0	0
chizami	25.5589	94.3717	NL	1	11350
chnagmai	26.8690	94.8326	AS	0	0
chodo	27.3597	93.7786	AR	0	0
chokpot	25.3504	90.4140	ML	1	40478
chomnagu	27.4247	88.7823	SK	0	0
chongbong	27.1368	88.2402	SK	0	0
chongkham eac	27.7167	96.1188	AR	1	21995
chongliyimsen	26.4522	94.4224	NL	0	0
chongphotgiri	25.3045	90.1998	ML	0	0
chonkham	27.8063	96.0411	AR	0	0
chopnyu	26.9968	95.3147	AR	0	0
choshinyu	25.9117	94.0464	AS	0	0
chota haibor	26.3314	92.6943	AS	0	6315
choto athiabari	26.4439	91.9955	AS	0	0
chozuba	25.7009	94.3253	NL	1	14836
chuchu yimbang	26.3356	94.5596	NL	0	0
chuchuyimlang	26.4599	94.6354	NL	1	17832
chukitong	26.1234	94.3336	NL	1	10043
chumba	27.6667	92.3000	AR	0	0
chumikteng	27.3661	88.7127	SK	0	0
chumoukedima	25.8094	93.7147	NL	1	168522
chumukedima	25.8594	93.7482	NL	1	125663
chuna	27.7333	92.2333	AR	0	0
chunari	26.1167	90.3500	AS	0	0
chungthang	27.8178	88.5175	SK	1	10522
chungtia	26.3836	94.4420	NL	0	0
chungtlang	27.6045	88.6456	SK	0	0
chunlika	25.9761	94.2288	NL	0	0
chunlikha	25.9664	94.2754	NL	1	331
chunpura	27.8341	95.8779	AR	0	0
chuntang	27.6059	88.6447	SK	0	0
churabudigiri	25.4751	90.1028	ML	0	0
churachandpur	24.3333	93.6833	MN	1	274143
chutia	26.7350	93.0471	AS	0	0
chutiya mirigaon	27.5624	94.7429	AS	0	0
chutmang agimpal	25.2979	90.7657	ML	0	0
chuzachen	27.2142	88.6832	SK	0	0
cinnamara	26.7167	94.2333	AS	0	0
craigpark	25.0000	92.5333	AS	0	0
dabigiri	25.7681	90.2216	ML	0	0
dabom	27.8000	93.9833	AR	0	0
dadam	26.9230	95.4565	AR	0	0
dadam circle	26.8992	95.4256	AR	1	6251
dadenggiri	25.7919	90.2570	ML	1	34590
daflagarh	26.8535	93.4797	AS	0	0
dagal apal	25.8048	90.5778	ML	0	0
dagapara	26.3209	91.4169	AS	0	0
dagiapara	26.4762	91.8491	AS	0	0
dahali	26.0969	91.4984	AS	0	8397
daikarguri	26.4926	89.9653	AS	0	0
dainadubi	25.9012	90.7830	ML	0	0
dakhin kuyabil	26.6621	91.9906	AS	0	0
dalaigaon	26.5152	91.2560	AS	0	0
dalbuing	28.5434	95.1874	AR	0	0
daldali	26.2695	89.8992	AS	0	0
dalgaon	26.5597	92.1983	AS	0	0
dalgaon pt	26.5455	92.2372	AS	1	412701
dalgoma	26.1126	90.7918	AS	0	0
dalgram	24.5697	92.4119	AS	0	0
damal	26.1969	92.3296	AS	0	0
damali	25.9137	91.3262	AS	0	0
damara patpara	25.9388	90.7866	AS	0	4922
dambo rongjeng	25.7078	90.8170	ML	1	52584
dambra bawa	26.3161	91.1269	AS	0	0
dambu	25.6643	90.8425	ML	0	0
dambudanda	27.1688	88.3491	SK	0	0
dambuen circle	29.0901	96.0589	AR	1	1424
dambuk	28.2679	95.6164	AR	0	0
dambuk adc	28.2429	95.6229	AR	1	4518
dambukso	26.1348	93.5650	AS	0	0
damchara	24.2386	92.2963	TR	0	0
damiakha	27.2294	88.5750	SK	0	0
damin	28.1020	93.3363	AR	0	0
damin circle	28.1867	93.1536	AR	1	5755
damra	25.9348	90.7724	ML	0	0
damriguri	26.4808	89.8896	AS	0	0
damroh	28.4693	95.2432	AR	0	0
damthang	27.2312	88.3923	SK	0	0
dangar dombah	25.1867	91.3930	ML	0	0
dangori	27.7088	95.5608	AS	0	0
dangrang	27.2171	88.6581	SK	0	0
dangtal revenue circle	26.4214	90.4466	AS	1	52370
danli	28.6302	95.7236	AR	0	0
daporijo	27.9911	94.2296	AR	0	13405
daporijo hq	28.0105	94.1449	AR	1	17294
darak	28.1924	94.6015	AR	0	0
darak circle	28.2772	94.4930	AR	1	1303
daram	25.8614	90.5965	AS	0	0
darangi para	26.3210	91.4072	AS	0	0
darangibra	25.4287	93.2924	AS	0	0
daria	26.6333	93.9333	AS	0	0
darighat	24.3572	92.5501	AS	0	0
daring	27.8727	94.8192	AR	0	0
daring circle	27.8618	94.7708	AR	1	2266
darlawn	24.0970	92.9193	MZ	1	24044
darlung	23.4598	92.6009	MZ	0	0
darrang	26.5119	92.1684	AS	1	928500
darranga	26.7919	91.5094	AS	0	0
darugiri	25.6212	90.7681	ML	0	0
darzo	22.8312	92.9574	MZ	0	0
dasgram	24.8486	92.2791	AS	0	0
datma	26.4770	90.1466	AS	0	0
dawaguri number one	26.4635	89.9013	AS	0	0
dawaguri number three	26.4580	89.8884	AS	0	0
dawaguri number two	26.4511	89.9099	AS	0	0
dawki	25.1837	92.0244	ML	0	0
debara	26.4764	91.1953	AS	0	0
debattar bapupara pt-i	26.0802	90.5482	AS	0	0
debeyar co circle	27.2522	92.9846	AR	1	3035
debrong	27.1750	88.3531	SK	0	0
deed circle	27.6074	93.6750	AR	1	2575
dehingia gaon	27.1427	94.8145	AS	0	0
deka chuk	26.7234	92.9033	AS	0	0
dekapara	26.4096	91.3523	AS	0	0
demagiri	22.9074	92.4658	MZ	0	0
demdema	25.8597	90.0709	ML	1	81661
demwe	27.8992	96.2951	AR	0	0
denchong	27.1652	88.3402	SK	0	0
dengaon	26.2333	92.9833	AS	0	0
dening	28.0098	96.2083	AR	0	0
dentam	27.2713	88.1255	SK	1	27488
deoduar	26.3462	91.6773	AS	0	0
deomali	27.1931	95.4672	AR	0	6648
deomali adc	27.1576	95.4949	AR	1	11192
deosri	26.7662	90.4672	AS	0	0
derebara	25.3708	92.9253	AS	0	0
dergaon	26.7052	93.9595	AS	1	146101
desali circle	28.3743	96.1638	AR	1	864
dethang	27.2053	88.2260	SK	0	0
devasora	22.1651	92.6250	MZ	0	863
devasora south	22.1322	92.6419	MZ	0	844
dhajedanda	27.1652	88.4639	SK	0	0
dhakuakhana	27.2011	94.4571	AS	0	13502
dhakuakhana pt i	27.2211	94.4865	AS	1	114295
dhalai	23.8431	91.9259	TR	1	0
dhaligaon	26.4973	90.5216	AS	0	0
dhalpur	26.9194	93.7966	AS	0	0
dhamdhama	26.5588	91.4788	AS	0	0
dhanpur	26.3278	90.1659	AS	0	0
dhansiri	25.8154	93.6209	AS	0	0
dhansirimukh	26.7000	93.6167	AS	0	0
dhansiripar	25.7523	93.6494	NL	1	18424
dhanyacharanbari	23.8914	91.9563	TR	0	0
dhapaliagaon	27.2833	94.4167	AS	0	0
dhaphgaon	27.1663	88.3261	SK	0	0
dharamtul	26.1605	92.3518	AS	0	0
dharapur	26.1495	91.6420	AS	0	8095
dharia	27.3653	95.1093	AS	0	0
dharmanagar	24.3995	92.1940	TR	1	227120
dharmaragar	24.3491	92.1314	TR	0	8761
dharmdin	27.1209	88.1577	SK	0	0
dhatakharia	26.6626	94.1401	AS	0	0
dhaulaguri	26.4684	89.9937	AS	0	0
dhekiajuli	26.7037	92.4781	AS	0	21579
dhekiajuli pt	26.7302	92.4843	AS	1	468911
dhekorgorha	26.7878	94.1660	AS	0	4708
dhemaji	27.6091	94.7942	AS	1	686133
dhenukhana pathar	27.3097	94.4632	AS	0	0
dhing	26.4446	92.5315	AS	1	330491
dhontola	26.1696	93.9388	AS	0	0
dhubri	26.0675	90.0224	AS	1	1949258
dhupdhara	25.9600	91.0578	AS	0	0
dhutramari	26.3306	89.8610	AS	0	0
dibang valley	28.7000	95.7000	AR	1	8004
dibrugarh	27.5000	95.0000	AS	1	1326335
dibrugarh east	27.4782	95.0205	AS	1	270230
dibrugarh west	27.3353	94.7741	AS	1	159580
diengsaw	25.2385	91.8921	ML	0	0
digarkhal	25.0255	92.4928	AS	0	0
digaru gaon	26.1557	91.9870	AS	0	5771
digboi	27.3932	95.6184	AS	0	21736
digboi oil town	27.3885	95.6189	AS	0	12726
dighalia gaon	27.2851	95.2188	AS	0	0
dighaltarang	27.6062	95.4216	AS	0	0
dighaltari	26.2556	89.7864	AS	0	0
digheli	26.4401	91.4563	AS	0	5285
digjani	26.3282	90.8818	AS	0	0
digligiri	25.4101	89.8632	ML	0	0
dihajan	27.1297	94.7634	AS	0	0
dihingmukh	27.2613	94.7027	AS	0	0
dihira	26.7958	91.4000	AS	0	0
dijmur	27.6635	94.8523	AS	0	0
dijugaon	26.5215	93.3836	AS	0	0
dijungania	27.3667	92.7667	AR	0	0
dikchu	27.4034	88.5002	SK	0	0
dikhomukh	26.9619	94.4149	AS	0	0
dikling	27.2330	88.5807	SK	0	0
dikrum	26.1798	93.5735	AS	0	0
dilai gate	25.9974	93.3877	AS	0	0
dili terang	26.2128	93.6780	AS	0	0
dilibari tiniali	26.5657	93.9942	AS	0	0
dima hasao district	25.5000	93.0000	AS	1	214102
dimakuchi	26.7410	91.8212	AS	0	0
dimapur	25.9017	93.7175	NL	1	0
dimapur sadar	25.8991	93.7113	NL	1	168288
dimaruguri	26.3452	92.7149	AS	0	10235
dimow	27.1287	94.6740	AS	1	152166
dimruguri	26.7795	94.2008	AS	0	0
dingdinga	26.3506	89.8933	AS	0	0
dingpasoh	25.5944	92.0431	ML	0	0
dingram	26.3621	90.1558	AS	0	0
dinjaygaon	27.5112	95.1817	AS	0	0
dintam	27.2489	88.4197	SK	0	0
diphu	25.8666	93.4570	AS	1	279975
diphupar 'a'	25.8578	93.7690	NL	0	10246
dipling	27.1048	95.0369	AS	0	0
dirang	27.3333	92.2667	AR	0	3750
dirang adc	27.4369	92.2050	AR	1	18401
dirji	27.2667	93.0667	AR	0	0
dirua	26.3571	91.3397	AS	0	0
disangmukh	27.0667	94.5500	AS	0	0
dissang	27.2823	95.1354	AS	0	0
dissing passo circle	26.9954	93.1597	AR	1	1561
dithur	25.4941	92.8011	AS	0	0
diwon	25.9667	92.0167	ML	0	0
diyun	27.5445	96.1008	AR	0	0
diyun eac	27.5609	96.1169	AR	1	32007
doboka	26.1090	92.9503	AS	1	304508
doiangmukh	25.8036	92.9407	AS	0	0
doimara	26.9910	92.4163	AR	0	0
doimukh sdo	27.1837	93.7654	AR	1	9479
dokmoka	26.2103	93.0517	AS	0	5478
dolagaon	26.3140	90.7699	AS	0	0
dolepchand	27.1949	88.6758	SK	0	0
dolgaon	26.4401	89.9964	AS	0	0
dollungmukh	27.6013	94.1436	AR	0	0
dollungmukh circle	27.6190	94.1854	AR	1	2944
dolma sampa	27.8833	88.3833	SK	0	0
domgaon	27.0719	94.5645	AS	0	0
dommati	25.8395	91.6411	ML	0	0
dong basti	27.1941	88.4205	SK	0	0
donka	25.8525	92.5872	AS	1	295358
donkamokam	25.9334	92.7074	AS	0	9116
donkeng	28.0487	94.7128	AR	0	0
donkung	28.0353	88.6018	SK	0	0
donli	28.2771	96.1042	AR	0	0
doom dooma	27.6279	95.5783	AS	1	416789
dorkang	28.1328	94.7855	AR	0	0
dosatan	26.3250	91.9081	AS	0	0
dosing	27.9760	95.0530	AR	0	0
dotoma	26.4832	90.1810	AS	1	144393
doulashal	26.2679	91.2278	AS	0	0
duaapara	26.1217	90.6532	AS	0	0
dualasal	26.2682	91.2291	AS	0	0
duarmara	27.4854	95.7346	AS	0	0
dubbin	27.4413	92.5149	AR	0	0
dubia barigaon	26.9081	93.7087	AS	0	0
dudhnai	25.9737	90.8181	AS	1	77019
dudhpur	24.1048	92.0072	TR	0	0
dudpatil i	24.9109	92.7904	AS	0	5083
dudpatil viii	24.8852	92.8141	AS	0	0
duduksora	22.0054	92.6178	MZ	0	0
dudunghar	27.5066	91.6557	AR	0	0
dudunghar circle	27.5581	91.6263	AR	1	2833
dugalakha	27.2339	88.6074	SK	0	0
dui yambi	27.8333	93.4833	AR	0	0
duibohin alma	26.2838	89.9928	AS	0	0
duimukh	27.1454	93.7532	AR	0	0
dukli	23.7984	91.2964	TR	0	16941
dulahatgaon	27.1618	93.9938	AS	0	0
dulangmukh	27.5044	94.2684	AS	0	0
dulia puranimelia	26.8747	94.5289	AS	0	0
duliagaon	26.8931	94.5515	AS	0	0
duliajan	27.3604	95.3181	AS	0	28626
duliajan oil town	27.3578	95.3141	AS	0	28626
duligaon	26.2583	90.0766	AS	0	0
dullavcherra	24.4858	92.4342	AS	0	0
dulumabari	23.4949	91.7070	TR	0	0
dum duma	27.5688	95.5566	AS	0	21706
dumduma gaon	26.6736	92.3937	AS	0	0
dumergur	26.3258	90.7439	AS	0	0
dumnichauki	26.3500	91.8333	AS	0	0
dumporijo	27.9568	94.2891	AR	0	0
dumporijo adc	28.0092	94.3105	AR	1	5218
dumra	27.1897	88.3372	SK	0	0
dumsa	27.5167	95.8667	AS	0	0
dumunichowki	26.3501	91.8236	AS	0	0
durga nagar part-v	24.8815	92.8821	AS	0	9051
durgapur	26.3011	91.0793	AS	0	0
durtlang	23.7810	92.7273	MZ	0	0
dwarband	24.6322	92.7094	AS	0	0
dzongri	27.4667	88.1500	SK	0	0
dzongu	27.5298	88.4146	SK	1	8673
dzulake	25.6209	93.9605	NL	0	0
east bhadragaon iii	26.4667	90.5667	AS	0	0
east garo hills	25.6137	90.6243	ML	1	317917
east jaintia hills	25.3598	92.3668	ML	1	122436
east kameng	27.3000	93.0500	AR	1	78690
east khasi hills	25.3805	91.7891	ML	1	825922
east lungdar	23.1418	93.0645	MZ	1	14897
east siang	28.0084	95.3045	AR	1	99214
eastern west khasi hills	25.6073	91.5737	ML	1	115878
ekoratoli	27.0332	94.7096	AS	0	0
embragon	28.5398	95.6826	AR	0	0
englan	26.1764	94.2554	NL	1	12856
erdangkramsa	26.3155	93.2461	AS	0	0
etalin	28.7951	96.3291	AR	1	1329
fadepur	26.3575	89.9026	AS	0	0
failaguri	26.3962	89.8726	AS	0	0
fakiragram	26.3617	90.1824	AS	0	0
fakirganj	25.9689	90.0607	AS	0	0
falkawn	23.6251	92.7265	MZ	0	0
farkawn	23.0790	93.2954	MZ	0	0
fatikrai	24.1832	92.0180	TR	0	5371
forest village lakhipathar	27.4533	95.5813	AS	0	6129
fulkumari	23.5230	91.5048	TR	0	11160
furkating	26.4692	94.0174	AS	0	0
futsora	22.1418	92.6194	MZ	0	235
gabaichara	24.2097	92.3313	TR	0	0
gabharu	26.6833	92.6500	AS	0	0
gagaldubi	27.3622	94.1832	AS	0	0
gagnikhat	26.5377	91.5087	AS	0	0
gairigaon	27.1458	88.4538	SK	0	0
gajpuria	26.8991	94.5457	AS	0	0
gakulnagar	23.7116	91.2571	TR	0	11369
gambegre	25.4182	90.2123	ML	1	26344
gamkik	28.0732	94.5617	AR	0	0
ganak kuchi gaon	26.3183	91.0371	AS	0	0
gandhapukhuri	26.6390	92.1850	AS	0	0
gandhigram	23.8920	91.2816	TR	0	14572
gandopar	25.6208	90.0528	ML	0	0
ganganagar	24.6077	92.9639	AS	0	0
gangate	27.1950	88.5463	SK	0	0
gangmohthan	26.7708	93.3140	AS	0	0
gangte	27.8604	93.8886	AR	0	0
gangte circle	27.8576	93.8866	AR	1	5369
gangtok	27.3333	88.6667	SK	1	283583
ganjakhauri	24.4734	92.5646	AS	0	0
ganju basti	26.9121	93.4221	AS	0	0
garai mari	26.3005	91.2326	AS	0	0
garal	26.1386	91.6069	AS	0	4400
garampani	26.3929	93.8817	AS	0	0
garamur	26.9489	94.1720	AS	0	0
garehaga chuk	27.1885	94.1582	AS	0	0
gariagaon	26.6946	94.1169	AS	0	0
garobadha	25.5732	90.0018	ML	0	0
garobhatkhoa	26.0789	90.3841	AS	0	0
garopara	26.3578	89.9154	AS	0	0
garubhasa	26.5670	90.3732	AS	0	0
gasheng	28.6449	94.6541	AR	0	0
gasigaon	27.7634	94.4248	AR	0	0
gasuapara	25.2366	90.3577	ML	1	28216
gauripur	26.1199	89.9864	AS	1	11345
gayangaon	26.9887	94.3135	AS	0	0
gaziphema	25.5007	94.3880	MN	0	0
gejeragaon	27.1230	94.4269	AS	0	0
geku eac	28.4388	95.1618	AR	1	4445
geleki	26.8039	94.7011	AS	0	0
geling	29.1456	94.9805	AR	0	0
gelling circle	29.1144	94.9314	AR	1	153
genapara	25.3000	90.0167	ML	0	0
gengtung	27.3154	93.1942	AR	0	0
gensi	27.8201	94.6186	AR	0	0
gensi eac	27.8057	94.6538	AR	1	1331
gepen	27.9168	94.1385	AR	0	0
gepen circle	27.9201	94.1377	AR	1	2405
gerasury	22.1248	92.5747	MZ	0	199
geredonga	25.9068	92.9319	AS	0	0
gereki	26.8115	93.1704	AS	0	0
gerimari chapori	26.4278	92.0251	AS	0	11004
gerukabari	26.4856	90.6939	AS	0	0
gette	28.6833	95.0167	AR	0	0
ghahigaon	26.8292	93.5198	AS	0	0
ghaspani	25.7606	93.8831	NL	0	0
ghathashi	25.8566	94.4168	NL	1	7967
ghoga	26.3031	91.4314	AS	0	0
ghograpar	26.4528	91.5097	AS	0	0
ghograpar pt	26.4884	91.5339	AS	1	90376
ghoramara	26.5927	91.4950	AS	0	0
giba circle	28.1768	93.9662	AR	1	5013
gingba	27.9795	93.8681	AR	0	0
ginjia	26.8071	93.2512	AS	0	0
gite ripa	28.1277	94.3331	AR	0	0
gite ripa circle	28.0996	94.3353	AR	1	2312
goalpara	26.1279	90.6097	AS	1	1008183
gobabsuri	22.0477	92.6020	MZ	0	178
gobindapur	26.1633	90.5927	AS	0	11863
gocham	27.7639	94.1890	AR	0	0
gogamukh	27.4781	94.3594	AS	1	112710
gogamukh tajik	27.4000	94.3333	AS	0	0
gohaingaon	26.8437	94.2001	AS	0	0
gohaintan	27.2440	92.6484	AR	0	0
gohpur	26.8884	93.6895	AS	1	121830
goibarigaon	26.7854	91.6784	AS	0	0
goiliang	28.1460	96.6400	AR	0	0
goiliang circle	28.2271	96.7394	AR	1	1681
gokulkata	26.4774	89.8777	AS	0	0
golaghat	26.4092	93.9119	AS	1	1066888
golaghatia basti	25.9925	92.8640	AS	0	9809
golakganj	26.1022	89.8227	AS	0	8244
golakganj pt	26.1599	89.8441	AS	1	192782
gomariguri	26.3289	94.0815	AS	0	0
gomati	23.5340	91.4812	TR	1	436868
gonda twisa	23.5561	91.8696	TR	1	59400
gopikot	25.0810	93.1557	AS	0	0
gorakapa kachehri	23.1500	91.8000	TR	0	0
goramari	26.3474	92.2926	AS	0	0
goreswar pt	26.6230	91.6968	AS	1	157830
goroimari	26.1165	91.2486	AS	1	134387
goroimari ahom	26.7201	92.7556	AS	0	0
gosaibori	26.0835	90.8080	AS	0	0
goshaingaon	26.4395	89.9631	AS	0	13933
gossaigaon pt	26.5436	89.9918	AS	1	270952
goteswar	26.5311	91.7267	AS	0	0
gouthang	24.4793	93.5702	MN	0	0
grahampur	26.3523	89.8707	AS	0	0
grunli	28.6333	96.0000	AR	0	0
guchi	27.9136	93.9049	AR	0	0
gumto	27.1331	93.8008	AR	0	0
gumto circle	27.1849	93.8324	AR	1	1638
gunamanipara	23.7143	91.9461	TR	0	0
gunjong	25.3165	93.0114	AS	0	0
gunjung	25.3194	93.0119	AS	0	0
gutlong gaon	26.6534	92.8161	AS	0	10900
guwahati	26.1577	91.6751	AS	1	433771
gyalshing	27.3333	88.2500	SK	1	136435
gyawe purang circle	27.4629	93.2043	AR	1	2469
habaipur	25.9426	92.8243	AS	0	0
habialgaon	26.7833	94.1667	AS	0	0
habrubil	26.4453	89.9855	AS	0	0
hachi	27.7719	94.0185	AR	0	0
hachraobari	26.4862	89.9475	AS	0	0
hadraibari	23.8500	91.6000	TR	0	0
haflong	25.3985	93.0769	AS	1	214102
hailakandi	24.5017	92.6007	AS	1	659296
hajua	26.7039	91.1943	AS	0	0
hakanamara	26.2205	92.3345	AS	0	0
hakma	26.4277	89.9494	AS	0	0
halakura	26.2524	89.7767	AS	0	0
halbari	25.9602	91.4915	AS	0	0
halhahli	24.1045	91.8247	TR	0	0
haltu	27.1801	88.0822	SK	0	0
haltugaon	26.4868	90.2887	AS	0	0
hamren	25.8470	92.5741	AS	0	8747
hang habai	25.8558	92.7959	AS	0	0
hanggou	24.8958	94.4040	MN	0	0
hangrum	25.1386	93.3021	AS	0	0
haochong	24.9151	93.6075	MN	1	14210
hapagaon	26.7361	92.1464	AS	0	0
hapheka bepari	26.1898	93.5491	AS	0	0
hapoli	27.5333	93.8500	AR	0	0
harchura	26.7789	92.7781	AS	0	0
harimura	26.0930	90.6726	AS	0	0
haripur	26.3229	89.8740	AS	0	0
harirambari	24.0145	91.8484	TR	0	0
harisinga	26.7837	91.8593	AS	1	261276
harjhora	26.2599	89.9852	AS	0	0
harli bagan	25.9815	91.8092	ML	0	0
harmutigaon	27.1197	93.8325	AR	0	0
harwaphuta	26.4449	89.9157	AS	0	0
hasanpur	24.8457	92.5086	AS	0	0
hathidhunga	27.2157	88.2744	SK	0	0
hatibandha gaon	26.8338	92.2124	AS	0	0
hatikhuli	26.6000	93.3500	AS	0	0
hatipara	26.3191	92.6847	AS	0	0
hatsingimari	25.7099	89.9008	AS	0	0
hatu yua	27.4331	93.7582	AR	0	0
haulawng	23.0595	92.7735	MZ	0	0
haulighat	26.2715	91.3507	AS	0	0
hauriajhora	26.2512	89.9694	AS	0	0
hawai	27.8868	96.8017	AR	0	982
hawai hq	27.8436	96.9334	AR	1	5009
hayuliang	28.0730	96.5430	AR	0	1834
hayuliang adc	28.1787	96.3806	AR	1	5772
hebeng	27.8688	93.9876	AR	0	0
heingang	24.8568	93.9468	MN	0	6115
heirok	24.5856	94.0667	MN	0	2974
hekra	26.5146	91.5078	AS	0	0
helaigaon	26.3025	93.6615	AS	0	0
helam	27.9059	93.3556	AR	0	0
helapakari	26.4327	90.9677	AS	0	0
helem	26.8321	93.5255	AS	1	144037
helesa	26.3350	91.6214	AS	0	0
hengken	24.2850	93.8693	MN	0	0
henglep	24.4078	93.4849	MN	1	19405
hengtam	24.0849	93.6045	MN	0	0
henima	25.3600	93.6162	NL	0	0
hespech	26.4103	89.9350	AS	0	0
hhmen	24.2296	92.8104	MZ	0	0
higaon	27.2431	88.1832	SK	0	0
hill town	24.3402	93.6914	MN	0	2293
himaigaon	26.0950	93.1925	AS	0	0
hirapur	23.5167	91.5333	TR	0	0
hmawngzawl	23.7186	93.1849	MZ	0	0
hmuifang	23.4496	92.7586	MZ	0	0
hmundo	23.1258	92.4073	MZ	0	0
hmunpui	23.8623	92.5797	MZ	0	0
hmunsam	24.0818	92.7936	MZ	0	0
hmuntha	23.4933	92.9423	MZ	0	0
hnahlan	23.6968	93.3814	MZ	0	0
hnahthial	22.9764	92.9655	MZ	1	28488
hodakona	25.9472	90.5602	AS	0	0
hojai	26.0153	92.8652	AS	1	225675
holongchari	23.0390	92.4863	MZ	0	0
howang	25.9442	93.4008	AS	0	0
howli	26.4224	90.9800	AS	0	18301
howraghat	26.1091	93.0333	AS	0	5443
hriphaw	24.1962	92.4194	TR	0	0
hruizam	23.0143	92.5479	MZ	0	0
hualngohmun	23.6567	92.7278	MZ	0	0
hualtu	23.5279	92.9156	MZ	0	0
hudukhata	26.6104	91.1031	AS	0	0
hudupara gaon	27.2943	95.2867	AS	0	0
hukpang	26.4689	94.8037	NL	0	0
huliagaon	27.5792	94.5181	AS	0	0
humine	24.7167	94.5667	MN	0	0
humpum	25.0688	94.3525	MN	0	0
hunli	28.3224	95.9636	AR	0	0
hunli sdo	28.3551	95.9229	AR	1	1383
hunta	26.9436	95.1977	NL	1	7089
huramara	26.4325	90.6892	AS	0	0
ibniyi	28.6499	95.7071	AR	0	0
idilin	28.6687	96.0053	AR	0	0
ilupu	28.7768	95.8682	AR	0	0
imphal	24.8081	93.9442	MN	0	277196
imphal east	24.8165	93.9421	MN	1	0
imphal west	24.7905	93.8679	MN	1	0
indrapur	26.4709	89.8995	AS	0	0
inglinggaon	26.1915	93.3420	AS	0	0
ipilin	28.4000	95.6909	AR	0	0
irongmara	24.6890	92.7422	AS	0	7685
ishok	24.6818	93.8388	MN	0	0
island	24.7780	94.0230	MN	1	20698
itakhola	26.7887	92.9650	AS	0	0
itanagar	27.0869	93.6099	AR	0	59490
itanagar eac	27.0918	93.6149	AR	1	64476
jacobpur	26.3996	89.8978	AS	0	0
jagdala	26.6530	91.2398	AS	0	0
jagiroad	26.1202	92.1977	AS	0	17739
jaihing	27.3047	94.0313	AS	0	0
jaipur	27.2619	95.3959	AS	0	0
jairampur adc	27.3430	96.0616	AR	1	9804
jakhalabandha	26.5856	92.9700	AS	0	0
jakhama	25.6044	94.1145	NL	1	34056
jakhama hq	25.5759	94.0925	NL	0	0
jakrem	25.3926	91.5030	ML	0	0
jakthang	27.7833	88.4667	SK	0	0
jakuradhar	24.6109	93.0924	AS	0	0
jalah	26.2379	91.7198	AS	0	6468
jalah pt	26.7051	91.2071	AS	1	81979
jalalpur	25.0167	92.4667	ML	0	0
jalkhana	26.4463	91.2674	AS	0	0
jalukie	25.6261	93.7288	NL	1	28391
jalwagiri	25.7171	90.7209	AS	0	0
jambura	24.0631	91.6209	TR	0	0
jamduar	26.7167	89.8833	AS	0	0
jamguri	26.3874	93.9601	AS	0	0
jamindargaon	25.7684	93.3571	AS	0	0
jamiri	27.2000	92.5833	AR	0	0
jamiri circle	27.1943	92.5839	AR	1	1844
jampai	23.7045	91.4597	TR	0	0
jampuijala	23.6863	91.4379	TR	1	57538
jamuguri	26.7217	92.9311	AS	0	0
jamunamukh	26.1015	92.7426	AS	0	7377
jang adc	27.5474	92.0542	AR	1	5480
jangar choburi	26.6818	92.6840	AS	0	0
japidhora gaon	27.0819	95.0001	AS	0	0
jaraguri	26.4961	89.8821	AS	0	0
jarain	25.3184	92.1342	ML	0	0
jatah	25.4090	92.0545	ML	0	0
jaubari	27.2086	88.3935	SK	0	0
jayrampur	27.3513	96.0163	AS	0	0
jeikhan	24.4903	93.1110	AS	0	0
jelkarjhar	26.4584	90.5249	AS	0	0
jenggaon	26.4492	93.2124	AS	0	0
jengging circle	28.6671	94.8700	AR	1	3293
jengpata	26.3484	93.6739	AS	0	0
jessami	25.5261	94.4976	MN	1	12575
jetukiagaon	26.7412	94.3503	AS	0	0
jhalam	27.1293	94.8611	AS	0	0
jhanzi	26.8667	94.5000	AS	0	0
jhargaon	26.6794	92.0200	AS	0	0
jhulangi	27.1836	88.4862	SK	0	0
jining	28.2163	94.8539	AR	0	20684
jinkata	26.2487	89.7600	AS	0	0
jiram	28.0284	94.1633	AR	0	0
jirang	25.9252	91.5783	ML	1	30919
jirania	23.8411	91.4417	TR	1	200043
jiribam	24.7090	93.1173	MN	1	43838
jirigam	27.9593	96.2315	AR	0	0
jirighat	24.8072	93.1099	AS	0	0
jirsong asong	25.8598	93.4380	AS	0	0
jitlang	27.1861	88.5301	SK	0	0
jogibheta	26.7583	94.2814	AS	0	0
jogighopa	26.2265	90.5725	AS	0	2415
joipi	25.2797	93.4374	MN	0	0
joipur	26.3601	89.8875	AS	0	0
jomlo mobuk	28.1967	94.7985	AR	0	0
jomlo mobuk circle	28.2424	94.8374	AR	1	3996
jonai	27.7490	95.1599	AS	1	169898
jonai bazar	27.8290	95.2194	AS	0	4459
jongbandha	26.3664	89.8238	AS	0	0
jongohetpara	25.4501	90.0057	ML	0	0
jorethang	27.1467	88.3048	SK	1	29020
jorhat	26.8000	94.2600	AS	1	1092256
jorhat east	26.7814	94.2697	AS	1	195398
jorhat west	26.7384	94.1193	AS	1	211539
jorthang	27.1291	88.2868	SK	0	0
joshithang	27.1939	88.2653	SK	0	0
jotsema	25.6760	94.0607	NL	0	0
jowai	25.4360	92.1913	ML	0	28430
joypur town	27.2676	95.3920	AS	0	0
jugalati	26.6702	93.6649	AS	0	0
jungterang	25.9756	93.3536	AS	0	0
kablongpu	27.9767	96.4017	AR	0	0
kabula	27.2770	95.6918	AS	0	0
kachari gaon	26.2172	92.1671	AS	0	0
kacharigaon	26.3651	89.8506	AS	0	0
kachujan gaon	27.4978	95.3639	AS	0	3246
kadalkazhikaraparattu	8.3353	77.1480	ML	0	0
kadam	27.3787	94.1637	AS	1	107330
kadamguri	26.4559	89.9974	AS	0	0
kadamtola	26.4083	90.6491	AS	0	0
kadum	27.7913	96.1797	AR	0	0
kahao	28.3061	97.0228	AR	0	0
kaharpara	26.0438	91.5756	AS	0	0
kahi kuchi	26.1012	91.5990	AS	0	9917
kahikuchi	26.3589	91.1329	AS	0	0
kahilipara	26.1447	91.7684	AS	0	0
kahitama	26.6186	90.8949	AS	0	0
kailashahar	24.3035	92.0082	TR	1	130843
kaimari	26.2954	89.8278	AS	0	0
kaimati	26.3186	89.7843	AS	0	0
kainthle	27.1880	88.4785	SK	0	0
kaiphundai	24.7885	93.2186	MN	0	0
kairapur	26.3593	89.8708	AS	0	0
kaisi	22.2573	92.9532	MZ	0	0
kajaichari	22.7914	92.5011	MZ	0	0
kakaman	26.2901	92.5720	AS	0	0
kakaya	26.3644	91.3433	AS	0	5550
kakching	24.4886	93.9292	MN	1	94228
kakching khunou	24.4047	93.8998	MN	0	11379
kakoi	27.3600	94.0510	AR	0	0
kakoi circle	27.4424	94.0519	AR	1	1627
kakotibari	27.0899	95.0234	AS	0	0
kakraban	23.4856	91.3989	TR	0	0
kalachanpara	26.3194	89.8278	AS	0	0
kaladan	22.4449	92.9346	MZ	0	0
kalaigaon	26.6061	91.9722	AS	1	91423
kalain	24.9688	92.5691	AS	0	0
kalaktang	27.1006	92.1039	AR	0	0
kalaktang adc	27.1295	92.1239	AR	1	6622
kalakuchi gaon	26.7711	92.6276	AS	0	0
kalapahar	25.1300	93.9562	MN	0	0
kalgachia	26.3221	90.8424	AS	1	195983
kaliabor	26.5489	92.9866	AS	1	197470
kaliani	26.4711	93.7692	AS	0	0
kalitagaon	26.8990	93.7260	AS	0	0
kalitakuchi	26.1537	91.8465	AS	0	0
kalom	27.9833	94.5000	AR	0	0
kaluk	27.2313	88.2538	SK	0	0
kalyanpur	23.9225	91.6031	TR	0	0
kamahu	26.5618	94.7798	NL	0	0
kamakhya	26.1673	91.7249	AS	0	0
kamal krishnabari	23.3439	91.7864	TR	0	0
kamalabari	27.8833	94.1167	AR	0	0
kamalpur	26.3375	91.7189	AS	1	169235
kamandanga	26.3665	89.8418	AS	0	0
kamar pota	26.0767	90.9221	AS	0	0
kamarkuchi	26.3491	91.4800	AS	0	0
kamarpara	26.4299	89.9656	AS	0	0
kamba adc	28.2915	94.6342	AR	1	6014
kambang	28.2358	94.6634	AR	0	0
kamengbari doimara circle	26.9858	92.4127	AR	1	316
kamengbari-doimara	26.9796	92.4130	AR	0	0
kamere	27.1363	88.4682	SK	0	0
kamigaon	27.1634	88.2788	SK	0	0
kamjong	24.7613	94.5421	MN	1	10400
kamku	27.5000	96.5000	AR	0	0
kamle	27.7297	94.0909	AR	1	0
kamling	27.1930	88.3155	SK	0	0
kampang	24.4407	94.2393	MN	0	0
kampha	25.0868	94.2331	MN	0	0
kamphu	27.7188	96.4875	AR	0	0
kamporijo	27.8204	93.9325	AR	0	0
kamporijo circle	27.7819	93.9655	AR	1	6951
kampur	26.0998	92.6582	AS	1	223843
kampur town	26.1595	92.6586	AS	0	10371
kamrang	27.1876	88.3489	SK	0	0
kamrup	26.2232	91.6534	AS	1	1517542
kamrup metropolitan	26.0538	92.0076	AS	1	1260419
kamtuli	22.0983	92.6060	MZ	0	598
kanakpur i	24.7950	92.8061	AS	0	6219
kanakpur part-ii	24.8003	92.8036	AS	0	9519
kanam	27.1500	88.4938	SK	0	0
kanchanpur	23.9143	92.2304	TR	1	114348
kanching	26.6460	94.7223	NL	0	0
kandhbari	26.3004	91.4001	AS	0	0
kandihang	25.0298	93.3200	MN	0	0
kang-gum	24.5951	94.4132	MN	0	0
kangchup geljang	24.8625	93.7671	MN	1	22886
kangchup khul	24.8696	93.7707	MN	0	0
kanghmun	23.5537	92.5754	MZ	0	0
kangjonggaon	26.2385	93.2798	AS	0	0
kangkar	27.5333	91.9000	AR	0	0
kangku	27.5730	94.4775	AR	0	0
kangku circle	27.6554	94.4463	AR	1	2500
kanglatongbi	24.9769	93.8879	MN	0	0
kangpat	24.6764	94.4923	MN	0	0
kangpokpi	25.2229	93.9142	MN	1	8382
kangreng	24.4528	93.1082	MN	0	0
kangvai	24.4983	93.6588	MN	1	23313
kanhmun	24.2379	92.2962	AS	0	0
kanisail pt i	24.8551	92.3700	AS	0	7358
kanjang	25.4780	93.9155	MN	0	0
kantang	27.0367	95.6359	AR	0	0
kantang circle	27.1109	95.8028	AR	1	3489
kanubari	27.0149	95.1963	NL	0	0
kanubari adc	26.9677	95.2581	AR	1	7145
kaolakhat	26.6152	93.5833	AS	0	0
kaplabori smy	26.2751	91.2985	AS	0	0
kapteng	27.5344	91.6903	AR	0	0
karaballe grant	25.0045	92.4369	AS	0	0
karaikandi	24.8654	92.8675	AS	0	0
karangania	27.2931	92.6824	AR	0	0
karbi anglong	26.0000	93.5000	AS	1	956313
karbook	23.3010	91.7460	TR	1	61615
karek	27.1909	88.4722	SK	0	0
karemura	26.5771	91.3144	AS	0	0
karimganj	24.6000	92.4000	AS	1	1228686
karko	28.5681	95.0548	AR	0	0
karlingpur	26.3674	89.8915	AS	0	0
karong	25.3034	94.0440	MN	0	0
karthok	27.2473	88.2595	SK	0	0
karthuk	27.1534	88.1713	SK	0	0
kartok	27.2343	88.5902	SK	0	0
karukol	25.2863	90.6885	ML	0	0
kashikhagra	25.9805	90.5581	AS	0	0
kasikatra	26.5367	90.4149	AS	0	0
kasom khullen	24.6488	94.2836	MN	1	12360
kasomarigaon	26.2601	94.0194	AS	0	0
kasur	27.1586	88.5140	SK	0	0
katan	28.3099	95.1632	AR	0	0
katan circle	28.2654	95.2141	AR	1	2944
katang	25.1891	93.5630	MN	0	0
katang circle	27.0173	95.6001	AR	1	4105
kateng	27.1458	88.4720	SK	0	0
kathalia	23.3481	91.3204	TR	0	0
kathiatali	26.1828	92.7357	AS	0	0
katigora	24.9896	92.5410	AS	1	291875
katirampara	26.4965	89.9265	AS	0	0
katkali ghat	24.5835	92.2963	AS	0	0
katlichara	24.3251	92.5489	AS	1	168077
kaupati	26.5805	92.2428	AS	0	0
kawadi	26.5103	90.7687	AS	0	0
kawihruilian	24.2597	92.8093	MZ	0	0
kawlkulh	23.6161	93.0830	MZ	0	0
kawnpur	24.0476	92.6756	MZ	0	7732
kaying	28.4116	94.6805	AR	0	0
kaying eac	28.3752	94.7192	AR	1	5094
kaziranga	26.5892	93.4085	AS	0	0
kebai khelma	25.4281	93.4851	NL	1	2595
kebang	28.1598	95.0373	AR	0	0
kebang circle	28.1240	95.0755	AR	1	1629
keirao bitra	24.7564	93.9659	MN	1	82024
keitum	23.2324	92.9108	MZ	0	0
keitumkawn	23.2347	92.9105	MZ	0	0
kekrima	25.5811	94.2203	MN	0	0
kekuri bebejia	27.1176	94.3093	AS	0	0
kelangkania	27.0761	93.1321	AR	0	0
kelkang	23.3882	93.3090	MZ	0	0
kelsih	23.6339	92.7206	MZ	0	0
kendanapara	26.4951	89.9899	AS	0	0
kenze mane	27.8000	91.7500	AR	0	0
keotkuchi	26.3072	91.0529	AS	0	0
kerabari	27.0915	88.4301	SK	0	0
kerang	28.0295	88.7669	SK	0	0
kerekoni	27.1901	94.7832	AS	0	0
kerhlam	25.0161	93.1822	AS	0	0
kerimgaon	27.9289	95.6498	AS	0	0
keromichomi	26.0906	94.4661	NL	0	0
keseruguri	27.6389	95.4594	AS	0	0
keseruguri gaon	27.6422	95.4618	AS	0	0
kezocha	25.6777	94.1942	NL	1	16467
khaddum	25.1526	92.4454	ML	0	0
khagam	27.5104	96.1847	AR	0	0
khainduli	25.7279	92.4435	ML	0	0
khaira bari	26.5108	90.9689	AS	0	10210
khaitong	28.0251	96.7757	AR	0	0
khalyabari	24.1628	92.2660	TR	0	0
khamar	26.2193	90.1360	AS	0	0
khamari	25.9408	90.6690	ML	0	0
khamson	25.1959	94.1466	MN	0	0
khanapara	26.1000	91.8167	AS	0	0
khandakarpara	26.4019	90.9604	AS	0	0
khangabok	24.6162	94.0077	MN	0	0
khangrapara	25.9934	90.4476	AS	0	0
khanigaon	27.1859	88.3718	SK	0	0
khara bagaribari	25.9474	90.8318	AS	0	0
khara dhara	26.5803	91.2783	AS	0	0
kharadhara	26.3634	91.1197	AS	0	0
kharasom	25.4666	94.4701	MN	0	0
kharem	27.8164	96.1300	AR	0	0
kharia	26.4113	91.2097	AS	0	0
kharija dolaigain pt-i	26.5038	90.5660	AS	0	0
kharija dolaigaon	26.4979	90.5754	AS	0	0
kharijapikon	26.0328	90.6671	AS	0	5550
kharikatia	26.6170	94.2551	AS	0	0
kharikhanapatti	25.8878	92.8987	AS	0	0
kharkutta	25.8370	90.9199	ML	1	51477
kharmauza	26.1485	90.4869	AS	0	0
kharsang	27.4156	95.9989	AR	0	0
kharsang circle	27.4317	96.0285	AR	1	14516
kharsitha	26.4525	91.3843	AS	0	0
kharua	26.5550	91.3483	AS	0	0
kharupatia	26.5184	92.1472	AS	0	18599
khasua	26.3207	89.8725	AS	0	0
khatarshnong laitkroh	25.3727	91.7657	ML	1	33570
khatoalgaon	26.6613	94.1520	AS	0	0
khatua gaon	27.2951	95.2658	AS	0	0
khawbung	23.2045	93.2672	MZ	1	22137
khawdungsei	23.9762	93.2137	MZ	0	0
khawhai	23.3781	93.1280	MZ	0	2537
khawlek	24.0706	93.0255	MZ	0	0
khawlian	24.0048	93.1291	MZ	0	0
khawruhlian	23.8690	92.8769	MZ	0	0
khawthlir	23.6333	93.0000	MZ	0	0
khawzawl	23.4908	93.1415	MZ	1	35655
khebuching	24.9296	93.5195	MN	0	0
khelma	25.5287	93.3131	AS	0	0
khenawa	27.5947	93.0333	AR	0	0
khenawa circle	27.7639	92.7054	AR	1	4742
khengjoy	24.0123	94.0890	MN	1	19710
khengoi	24.0341	94.1014	MN	0	0
khensa	26.3457	94.4892	NL	0	0
kherapara	25.3403	90.1904	ML	0	0
kherbari	25.8024	93.6117	NL	0	0
kheroni	25.8533	92.8826	AS	0	0
kheroni maj basti	25.8153	92.9418	AS	0	0
khezhakeno	25.5145	94.2100	NL	1	3810
khimiyang	26.9984	95.7207	AR	0	0
khimiyang eac	26.9667	95.7181	AR	1	3012
khliehriat	25.2411	92.3184	ML	1	85832
khoinoi	24.2204	93.7781	MN	0	0
khoirabari	26.5964	91.8173	AS	1	81209
khoiraghutu	26.4225	89.8770	AS	0	0
kholagari	27.1949	88.4349	SK	0	0
khongra	26.2699	91.1857	AS	0	0
khongsa	25.8040	94.9610	NL	1	4731
khonoma	25.6542	94.0218	NL	0	0
khonsa	27.0167	95.5667	AR	0	10187
khonsa hq	26.9650	95.5028	AR	1	13421
khopaiyapara	24.0081	92.0234	TR	0	0
khoupum	24.6943	93.5209	MN	1	12220
khowai	24.0784	91.6719	TR	1	166365
khowang	27.2754	94.8757	AS	0	0
khuangleng	23.3068	93.2892	MZ	0	0
khubung khulen	24.1708	94.0067	MN	0	0
khudra purahuria	24.8505	92.2852	AS	0	0
khuiarpom	27.1941	94.0053	AS	0	0
khullakpam	24.6199	94.0073	MN	0	0
khumtai	26.6755	93.8563	AS	1	85835
khunpham	24.6824	93.8565	MN	0	0
khunthak	24.1977	94.1081	MN	0	0
khursamari	26.3434	90.4491	AS	0	0
khutabari	26.0667	91.0833	AS	0	0
khuthigaon	27.1408	88.1319	SK	0	0
khuza	25.7911	94.4835	NL	1	2843
khuzami	25.7675	94.4743	NL	0	0
kibithoo circle	28.2509	97.0909	AR	1	1455
kibithu	28.2808	97.0146	AR	0	0
kidappurinattam	9.7839	78.4707	MZ	0	0
kidzematuma	25.7684	94.2429	NL	0	0
kikruma	25.6159	94.2758	NL	1	3249
kilami	25.8639	94.4158	NL	0	0
kilasevvalpatti	10.1561	78.7267	MZ	0	0
killarbogh	24.2965	92.5314	AS	0	0
kimin	27.3021	93.9712	AS	0	0
kimin sdo	27.3627	93.9063	AR	1	6756
kiphire	25.8449	94.8251	NL	1	0
kiphire sadar	25.9083	94.7874	NL	1	22712
kismat kuriha	26.3259	91.5039	AS	0	0
kitagha	25.9804	94.2375	NL	0	0
kitam	27.1210	88.3510	SK	0	0
kitpi	27.5891	91.8728	AR	0	0
kitpi circle	27.5840	91.8698	AR	1	2935
kiusam	25.9047	94.9179	NL	1	2698
kivikhu	25.8440	94.5067	NL	0	0
kiyamgei	24.7447	93.9382	MN	0	5336
kiyekhu	25.9341	94.5096	NL	0	0
kobak	25.3000	92.8000	ML	0	0
kobirali	26.6500	92.0167	AS	0	0
kochpara	26.0890	91.5318	AS	0	7540
kochugaon	26.5518	90.0762	AS	0	0
kodak	28.3000	94.0833	AR	0	0
kohima	25.7500	94.1667	NL	1	267988
kohima sadar	25.6790	94.0960	NL	1	116870
koiri	25.2430	94.4515	MN	0	0
kokilamukh	26.8275	94.0862	AS	0	0
kokrajhar	26.6000	90.2000	AS	1	887142
kolasib	24.2239	92.6787	MZ	0	25000
kolasib district	24.2221	92.6770	MZ	1	83955
kolbung	27.1607	88.4806	SK	0	0
kolhen	24.4427	93.5044	MN	0	0
koliagaon	27.0359	94.2361	AS	0	0
koloriang	27.9100	93.3550	AR	0	2345
koloriang hq	27.8931	93.3536	AR	1	7427
kombo circle	28.0710	94.8444	AR	1	4260
kombong	28.1228	94.8375	AR	0	0
komer	27.2038	88.5637	SK	0	0
komra	27.8521	93.8405	AR	0	0
komsing	28.2617	95.0160	AR	0	0
kongan	26.7484	94.8328	NL	0	0
kongtal	23.9667	92.8167	MZ	0	0
kongtsung toluba	26.7093	94.7111	NL	0	0
kopche	27.1543	88.3623	SK	0	0
kopre	27.1800	88.4762	SK	0	0
kora circle	27.9420	95.0167	AR	1	1047
kora korang	27.9321	95.0552	AR	0	0
korbo	29.1170	95.0181	AR	0	0
koronu	28.0585	95.9279	AR	0	0
koronu circle	28.0843	95.9763	AR	1	5614
koyu eac	27.9644	94.9465	AR	1	1842
kra daadi	27.6949	93.6337	AR	1	0
kriet	25.5705	91.8023	ML	0	0
krishnai	26.0277	90.6865	AS	0	0
krishnanagar	24.5034	92.4416	AS	0	0
kronli arzoo circle	28.4293	95.7611	AR	1	1031
kseh kynthang	25.8362	92.2767	AS	0	0
ksehkma bazar	25.8897	92.1235	ML	0	0
kuamahal	26.3669	89.9099	AS	0	0
kubnegaon	27.0972	88.4437	SK	0	0
kubolong	26.4276	94.5150	NL	1	12679
kudeh	26.2573	94.7676	NL	0	0
kuhoboto	25.8349	93.8457	NL	1	12519
kuhuboto	25.7984	93.8519	NL	0	0
kuimbum	27.9583	96.7053	AR	0	0
kukar par	26.3038	91.2138	AS	0	0
kukichara	24.3865	92.5633	AS	0	0
kulailangsngun	25.3907	91.3111	ML	0	0
kulhati	26.2457	91.5735	AS	0	0
kulikawn	23.7104	92.7268	MZ	0	0
kulingmen	26.5212	94.6135	NL	0	0
kumar kaibarta gaon	26.7509	94.2365	AS	0	8056
kumarganj	26.2719	89.8692	AS	0	0
kumargaon	26.4558	90.7414	AS	0	0
kumarghat	24.1449	92.0496	TR	1	145663
kumargram	26.6168	89.8291	AS	0	0
kumarikata	26.7306	91.5564	AS	0	0
kumbhir	24.9431	92.9591	AS	0	0
kumbi	24.4328	93.8129	MN	0	9546
kumgari	26.5403	90.1565	AS	0	0
kumguri	26.6824	91.1043	AS	0	0
kumki	27.2746	96.9082	AR	0	0
kumlate	27.1752	88.4891	SK	0	0
kumrikhata	26.7323	91.5552	AS	0	0
kunda	26.7000	90.8667	AS	0	0
kundarbilgaon	26.8413	92.0037	AS	0	0
kundil bazar	27.8333	95.6667	AS	0	0
kupup	27.3424	88.8438	SK	0	0
kursakati	26.2675	89.8786	AS	0	0
kursamari	26.5203	90.8127	AS	0	0
kurua	26.2380	91.8210	AS	0	0
kurung kumey	27.9998	93.3924	AR	1	0
kuthari	26.5694	93.2404	AS	0	0
kuvukhu	25.7921	94.6938	NL	0	0
kwakta	24.4482	93.7302	MN	0	8579
kyongsa	27.1711	88.6593	SK	0	0
kyrdem	25.6938	92.0758	ML	0	0
lachen	27.7304	88.5500	SK	0	0
lachung	27.6934	88.7443	SK	0	0
lada circle	27.5819	92.7221	AR	1	3189
lagairong	24.6953	93.5171	MN	0	0
lagam	27.4000	92.4000	AR	0	0
laharighat	26.4206	92.3688	AS	1	253582
laharijan natun bosti	25.9122	93.6913	AS	0	2508
laher	25.7073	92.6057	AS	0	0
lahorighat pam	26.4333	92.3500	AS	0	0
laimakuri	27.6941	95.0302	AS	0	0
laisawrai	23.2628	92.4750	MZ	0	0
laisong	25.2069	93.2940	AS	0	0
laitkynsew	25.2199	91.6638	ML	0	0
laitlang	22.0908	92.6543	MZ	0	182
laitlyngkot	25.4402	91.8362	ML	0	0
laitmawsiang	25.3966	91.6079	ML	0	0
laitonjam	24.6955	93.8768	MN	0	0
laitumkhrah	25.5707	91.8977	ML	0	27219
laju sdo	26.8927	95.5992	AR	1	9113
lakadong	25.1839	92.2703	ML	0	0
lakema	25.5674	93.7606	NL	0	5084
lakha pharma	27.7585	88.7635	SK	0	0
lakhan khuman	24.8274	94.5040	MN	0	0
lakhi nepali	27.8330	95.2239	AS	0	5348
lakhimpur	27.3500	94.2500	AS	1	1042137
lakhipur	24.6963	93.0208	AS	1	291872
lakhuni	26.5642	94.4393	AS	0	0
lakhuti	26.2912	94.2453	NL	0	0
lakwa	27.0136	94.8572	AS	0	0
lalaghat	24.5550	92.6358	AS	0	0
lalchara	24.0741	91.6021	TR	0	0
lalkek	25.4323	93.2772	AS	0	0
lallen	23.6187	92.4591	MZ	0	0
lalmati	26.3052	89.8857	AS	0	0
lalongmi	25.2941	93.5573	NL	0	0
lalpani	24.8104	93.0808	AS	0	0
lalpara	26.3859	89.9135	AS	0	0
lalsong	25.0167	92.9000	AS	0	0
lalunggaon	27.4606	94.5524	AS	0	0
lama disa	25.3462	92.9874	AS	0	0
lamabahadurpur p	24.7942	92.3401	AS	0	0
lamajuar	24.8395	92.4225	AS	0	0
lamaten	27.2359	88.7193	SK	0	0
lambodhar	25.7610	93.5928	NL	0	0
lamdanmai	24.7265	93.6577	MN	0	0
lamphelpat	24.8219	93.9023	MN	1	221422
lamsakhang	25.7962	93.0465	AS	0	0
lamsang	24.9193	93.8720	MN	1	84856
lamshang	24.8159	93.8742	MN	0	10593
lamzawl	23.8172	93.2195	MZ	0	0
langdiangngan	25.2809	90.9919	ML	0	0
langga	25.0325	93.7712	MN	0	0
langjon	28.0494	96.4407	AR	0	0
langkhong	24.8701	93.5550	MN	0	0
langklam	25.4541	92.7379	AS	0	0
langlut	25.4684	92.8149	AS	0	0
langra basti	26.2509	93.9635	AS	0	0
langting	25.4976	93.1138	AS	0	0
langyen	25.5408	92.9715	AS	0	0
lanka	25.8819	93.0332	AS	1	401035
lankapatti	25.9218	92.9417	AS	0	0
laogang bazar	23.2754	91.5381	TR	0	0
laokhoa	26.5333	92.8000	AS	0	0
laow dalani	26.7976	93.1993	AS	0	0
laphurak	25.0285	94.1033	MN	0	0
lapung	27.5500	92.9000	AR	0	0
larmare	25.9408	91.6297	AS	0	0
laruri	25.6855	94.8426	NL	0	0
lasanbari	26.2677	92.3834	AS	0	0
laskein	25.5422	92.4573	ML	1	90402
latabari	26.3054	89.8573	AS	0	800
lathao circle	27.7454	95.8659	AR	1	8390
lathau	27.7445	95.9098	AR	0	0
latum chuk	27.0589	94.4620	AS	0	0
lawmei	25.5586	91.8056	ML	0	0
lawnamosu	22.1062	92.8513	MZ	0	0
lawngtlai	22.5300	92.9000	MZ	1	117894
lawnu	27.0773	95.3384	AR	0	0
lawnu circle	27.0395	95.3155	AR	1	4953
lazami	25.8569	94.2493	NL	0	0
lebachhara	23.3957	91.7338	TR	0	5273
lecham batamari	27.2983	94.4529	AS	0	0
leike	25.2914	93.4313	AS	0	0
leimapokam	24.6662	93.8617	MN	0	0
leishan	25.1335	94.1936	MN	0	0
leite	22.9066	92.9105	MZ	0	0
lekang mahadevpur circle	27.6315	95.8409	AR	1	28219
lemmi	27.1467	93.2464	AR	0	0
lengpui	23.8318	92.6262	MZ	0	3282
lengrabhita	26.0326	90.1255	AS	0	0
lengteng	26.4667	93.0667	AS	0	0
lepa rada	27.9264	94.7329	AR	1	0
lepanglat	27.9407	96.7034	AR	0	0
lephori	25.6145	94.6230	NL	0	0
leporiang	27.2160	93.3826	AR	0	0
leporiang circle	27.2675	93.3413	AR	1	4139
letekujan	26.5829	93.8050	AS	0	0
lhatsa goempa	28.6833	94.3500	AR	0	0
lhou circle	27.5980	91.9326	AR	1	4029
lhungtin	25.0927	94.0661	MN	1	16680
lido tikok	27.2880	95.7358	AS	0	5091
lido town	27.2940	95.7417	AS	0	11717
likabali	27.6606	94.6926	AS	0	0
likabali sdo	27.7310	94.7359	AR	1	6076
likhapani	27.3238	95.8170	AR	0	0
lilong	24.6325	93.9463	MN	1	87377
limeking	28.3370	93.5960	AR	0	0
limeking circle	28.4400	93.5847	AR	1	1683
lingang	27.1824	88.4323	SK	0	0
lingsey	27.1623	88.6744	SK	0	0
lingtam	27.2546	88.7126	SK	0	0
lingthing	27.1327	88.4741	SK	0	0
lingtse	27.2321	88.5212	SK	0	0
liromoba	28.0722	94.4956	AR	0	0
liromoba eac	28.1395	94.4705	AR	1	4235
litim	26.3659	94.7001	NL	0	0
litsammi	26.1882	94.6379	NL	0	0
lizatomi	26.0875	94.6649	NL	0	0
lobang	25.4406	92.6676	ML	0	0
lohajani	26.2589	89.8246	AS	0	0
loharghat	25.9774	91.4742	AS	0	0
loharkhatha	26.2971	91.4411	AS	0	0
lohit district	27.9858	96.1755	AR	1	145726
londa	27.5134	93.0298	AR	0	0
long-e-tilun	25.9667	92.3667	AS	0	0
longbi hirei	25.2084	94.4607	MN	0	0
longchem	26.6143	94.4745	NL	1	8617
longching	26.5178	94.9350	NL	0	0
longding	26.8042	95.3229	AR	1	0
longding hq	26.8972	95.3293	AR	1	16897
longju	28.6333	93.5500	AR	0	0
longkamgaon	26.1870	93.3748	AS	0	0
longkhim	26.2552	94.6970	NL	1	17306
longku	25.6728	92.7852	AS	0	0
longleng	26.4896	94.7865	NL	1	23184
longmai	24.7014	93.6371	MN	1	11028
longmatra	25.7918	94.7744	NL	1	4723
longo	26.9769	95.4210	AR	0	0
longo circle	26.9768	95.4280	AR	1	3561
longpai	25.8039	92.4916	AS	0	0
longpi	24.6188	93.3374	MN	0	0
longsa	26.2209	94.5499	NL	0	0
longshen	26.6721	95.1068	NL	1	20311
longtharai valley	23.8891	92.0463	TR	1	117773
longting	26.8954	95.1631	NL	0	0
lonpuria	26.9425	94.7873	AS	0	0
lotamari	26.3960	89.9108	AS	0	0
lotsu	26.0848	94.0891	NL	1	6338
lourembam	24.6872	93.8709	MN	0	0
lower dibang valley	28.3726	95.8804	AR	1	0
lower siang	27.7283	94.5829	AR	1	0
lower subansiri	27.5648	93.7943	AR	1	83030
lozaphohemi	25.6330	94.4931	NL	0	0
lukami	25.9833	94.6667	NL	0	0
lukhambi	24.8929	93.6115	MN	0	0
lumding railway colony	25.7490	93.1700	AS	0	31347
lumla	27.5308	91.7237	AR	0	0
lumla adc	27.5372	91.7410	AR	1	6420
lumpo	27.7167	91.7000	AR	0	0
lumshken	25.3208	92.2552	ML	0	0
lung chhuan	24.0242	92.7731	MZ	0	0
lungchauk	27.1310	88.3862	SK	0	0
lungchem	23.1366	92.6137	MZ	0	0
lungdar	23.6382	92.5942	MZ	0	0
lungding	25.5793	93.1880	AS	0	0
lunghan	25.1739	94.4404	MN	0	0
lungithang	26.0302	94.3377	NL	0	0
lungkam	26.2709	94.4527	NL	0	0
lunglei	22.9000	92.7500	MZ	1	161428
lungpho	23.3804	93.0014	MZ	0	0
lungphunlian	23.7576	93.3051	MZ	0	0
lungsachung	26.0550	94.2596	NL	0	0
lungsen	22.8269	92.5561	MZ	1	39020
lungthu	27.2715	88.7991	SK	0	0
lungthung	23.2163	91.5719	TR	0	0
lungtian	22.7176	92.9721	MZ	0	0
lusing	27.2183	88.6030	SK	0	0
luwangsangbam	24.8696	93.9222	MN	0	3458
lyngiong	25.4236	91.6990	ML	0	0
lyngkhai	25.4964	91.6101	ML	0	0
lyngok	27.2072	95.8653	AR	0	0
lyngok longtoi circle	27.2418	95.8547	AR	1	757
mabong	27.1861	88.2984	SK	0	0
machandoba	26.3889	89.9193	AS	0	0
machi	24.5428	94.2209	MN	1	19865
machkhoa	27.3333	94.5500	AS	0	0
machong	27.2341	88.6733	SK	0	0
machum	27.3109	96.1404	AR	0	0
madanpur	24.5628	92.4246	AS	0	0
madhatari	26.5864	92.9601	AS	0	0
madhuban	23.7815	91.2858	TR	0	16579
madhupur	26.4497	91.3771	AS	0	0
madhyam dakumgaon	26.6400	90.4102	AS	0	0
mahakal	24.8374	92.4926	AS	0	0
mahendraganj	25.3008	89.8494	ML	0	0
mahmora	27.1183	94.9806	AS	1	133559
maholiapara	26.6468	91.8148	AS	0	0
mahur	25.1831	93.1134	AS	0	7176
maibi khunou	24.4939	94.1303	MN	0	0
maibong	25.3012	93.1381	AS	0	8364
mainoraipara	24.0228	92.0966	TR	0	0
mairabari town	26.4536	92.4227	AS	0	7177
mairang	25.6594	91.6050	ML	1	82437
mairuhabari	23.3383	91.6011	TR	0	0
maiunli	28.2923	96.1518	AR	0	0
maizgram	24.8513	92.3148	AS	0	0
majar chuk	26.7289	92.9210	AS	0	0
majarkuri	26.2727	91.4958	AS	0	4727
majbat	26.7856	92.2847	AS	0	0
majer dabri	26.4142	89.8720	AS	0	0
majgaon	26.6525	92.7910	AS	0	8154
majhitar	27.1849	88.5048	SK	0	0
majirgaon	26.1349	91.5681	AS	0	4774
majuli	26.9709	94.2785	AS	1	161286
makariagaon	26.1062	92.3336	AS	0	0
makeng	25.1056	94.0322	MN	0	0
maklibari	24.0723	91.3951	TR	0	0
makum	27.4865	95.4365	AS	0	16923
malaguri	26.4734	89.9580	AS	0	0
malanduba	26.2527	89.8778	AS	0	0
malandubi	26.7106	90.4759	AS	0	0
malangpa	25.2180	92.8278	AS	0	0
malbase	27.1561	88.2231	SK	0	0
mali pather gaon	27.2548	95.4018	AS	0	0
malibaripathar	26.0989	91.1425	AS	0	0
malidang	27.1423	88.2221	SK	0	0
malthek	27.1267	88.2360	SK	0	0
malu khat	26.7833	94.1167	AS	0	0
mamit	23.7849	92.4694	MZ	1	86364
mamje	27.2191	88.5875	SK	0	0
mamring	27.2288	88.6291	SK	0	0
manakasha	26.5299	90.8340	AS	0	0
manan	27.5482	96.0798	AR	0	0
manchal	28.0024	96.6324	AR	0	0
manchal circle	28.0270	96.6545	AR	1	3371
manda	25.7306	90.4627	ML	0	0
mandalpara	26.4893	89.9088	AS	0	0
mandarkati	26.3450	89.8994	AS	0	0
mandia gaon	26.2832	90.9845	AS	0	0
mandirapathar	26.0431	91.1017	AS	0	0
manedanda	27.2014	88.3786	SK	0	0
mangalbare	27.1923	88.2881	SK	0	0
mangalbarey	27.2178	88.2113	SK	1	19345
mangaldai	26.4421	92.0305	AS	0	25989
mangaldoi pt	26.4076	92.0555	AS	1	202435
mangan	27.6667	88.5000	SK	1	43709
mangbir	27.2008	88.2904	SK	0	0
mangble	27.1848	88.3620	SK	0	0
mangko	26.0583	94.7730	NL	1	2790
mangkolemba	26.4342	94.3847	NL	1	16951
mangorjang	27.1479	88.2021	SK	0	0
mangreng	27.1738	88.5206	SK	0	0
mangsang	25.6771	90.8733	ML	0	0
mangwa	27.1943	88.3466	SK	0	0
manikpur	26.3725	89.8885	AS	0	0
manipur road	25.8785	93.7731	NL	0	0
maniram	27.1645	88.4056	SK	0	0
manitiram	27.8067	94.5337	AR	0	0
manjhitar	27.1191	88.3277	SK	0	0
mankachar	25.6291	89.9322	AS	1	305606
manmao	27.2343	95.9139	AR	0	0
manmao eac	27.2494	95.9550	AR	1	2250
manoharpur	23.7215	91.2126	TR	0	14105
manpui	24.0477	92.2760	TR	0	0
manu bazar	23.0746	91.6566	TR	0	0
mao songsang	25.5134	94.1413	MN	0	0
maohing	25.1967	93.9042	MN	0	0
maram	25.4161	94.1120	MN	0	0
marangaon	26.8307	93.2962	AS	0	0
maranjan	27.0833	94.9167	AS	0	0
margang	26.0571	91.9966	AS	0	0
margherita	27.4394	95.7395	AS	1	370675
mariani	26.5963	94.3401	AS	1	131613
marigaon	26.2030	92.3439	AS	1	200441
marikovil	9.3671	78.9471	MZ	0	0
maripur	26.4276	91.2109	AS	0	0
mariyang	28.4864	95.2236	AR	0	0
mariyang adc	28.5607	95.2793	AR	1	6260
markhan	26.4161	89.9957	AS	0	0
marniu	27.9084	94.4225	AR	0	0
maro circle	28.0007	94.4397	AR	1	2080
maroa	26.3511	91.4509	AS	0	4004
marpara north	23.2699	92.4043	MZ	0	2129
martam	27.2451	88.2231	SK	0	0
masabdisa	25.6649	93.1685	AS	0	0
masughat	24.8697	92.7705	AS	0	0
masujhora	26.2735	89.8801	AS	0	0
matarbari	23.5068	91.4968	TR	0	6530
mathani	26.6199	93.5140	AS	0	0
mathurapur	26.9858	94.8772	AS	0	0
matia	26.0684	90.7502	AS	1	258223
matiajuri	26.4405	89.9348	AS	0	0
matie khana gaon	27.4254	95.2371	AS	0	0
matipara	26.4980	89.9522	AS	0	0
matticher	9.5462	77.8618	MZ	0	0
mauchar	24.3235	92.8981	AS	0	0
maudanga	26.1043	93.0011	AS	0	0
mausen	23.0183	92.7377	MZ	0	0
mawdem	25.8122	91.4807	ML	0	0
mawdoh	25.6750	91.4112	ML	0	0
mawhati	25.8095	92.0779	ML	0	0
mawiong	25.5704	91.7037	ML	0	0
mawkarah	25.7015	91.5726	ML	0	0
mawkdok	25.4184	91.7980	ML	0	0
mawkynrew	25.4016	92.0043	ML	1	44602
mawkyrwat	25.3814	91.3401	ML	1	58248
mawlai	25.6313	91.9135	ML	1	9009
mawlai-mawiong	25.6232	91.8817	ML	0	55012
mawlangwir	25.3641	91.4447	ML	0	0
mawlashin	24.9141	94.6941	MN	0	0
mawlat	25.3575	91.9708	ML	0	0
mawliba	25.5550	91.1863	ML	0	0
mawlyngkhung	25.6694	91.9049	ML	0	0
mawmarin	25.4106	91.0974	ML	0	0
mawpat	25.6037	91.9522	ML	1	109771
mawphaniaw	25.6864	91.6133	ML	0	0
mawphlang	25.4449	91.6229	ML	1	46203
mawrongor	25.4685	91.4274	ML	0	0
mawryngkneng	25.5728	92.0304	ML	1	67291
mawshaladiang	25.7835	92.1836	AS	0	0
mawshynrut	25.5773	90.9775	ML	1	74381
mawskei	25.8623	91.5509	ML	0	0
mawsmai	26.0954	91.8757	ML	0	0
mawsynram	25.2675	91.5577	ML	1	47404
mawthadraishan	25.5216	91.5150	ML	1	33441
mawthrap	25.5686	91.6107	ML	0	0
mayang	26.2582	92.0408	AS	0	0
mayang imphal	24.6100	93.8887	MN	0	24239
mayerchar	26.1661	90.1911	AS	0	0
mayong	26.1935	92.1641	AS	1	242718
mazbat	26.7745	92.2831	AS	1	133909
mazdia	26.3000	91.2297	AS	0	0
mebo adc	28.1897	95.4075	AR	1	7015
mechangbung	25.3321	93.5233	AS	0	0
mechpara	26.3320	89.9006	AS	0	0
mechuka	28.5975	94.1318	AR	0	0
mechuka adc	28.5984	94.1452	AR	1	5091
medum	27.1343	93.2673	AR	0	0
medziphema	25.7523	93.8697	NL	1	24435
meiring	24.7462	94.3379	MN	0	0
meiti	24.6997	94.4853	MN	0	0
mekha	28.1391	95.8393	AR	0	0
melaghar	23.4955	91.3298	TR	0	0
melli bazar	27.0912	88.4574	SK	0	0
mellidanda	27.1008	88.4367	SK	0	0
mellim	25.4964	90.0902	ML	0	0
melriat	23.6466	92.7246	MZ	0	0
meluri	25.6252	94.6486	NL	1	13890
mengio	27.5178	93.4971	AR	0	0
mengio eac	27.5248	93.4360	AR	1	4131
meomey sullong	27.4654	93.1988	AR	0	0
mepumna	28.1084	96.6045	AR	0	0
merangkong	26.6144	94.6694	NL	0	0
merangmen	26.5075	94.3928	NL	1	6044
merapani	26.3195	94.0927	AS	0	0
merbil grant	27.3068	95.2280	AS	0	0
meruattari	26.3036	91.3783	AS	0	0
mesangpi	26.2048	94.1911	NL	0	0
meshing	28.0237	94.5385	AR	0	0
metengliang	28.2187	96.5205	AR	0	0
metengliang circle	28.2183	96.4990	AR	1	1608
methraipara	23.7451	91.7938	TR	0	0
metikumi	25.5833	94.5833	MN	0	0
mi-chi-tun	28.6667	93.6167	AR	0	0
miao adc	27.5044	96.5484	AR	1	25921
midpu	27.2071	93.7570	AR	0	0
migging circle	28.7102	94.7415	AR	1	574
miging	28.8533	94.7711	AR	0	0
mijika	26.8139	93.1470	AS	0	0
mikhola	27.1399	88.3510	SK	0	0
mikirbheta	26.3306	92.4718	AS	1	137213
mikirgaon	26.2261	92.7566	AS	0	0
miklipara	25.0455	92.4271	ML	0	0
minutang	28.1984	96.5316	AR	0	0
minzong	27.8893	96.9078	AR	0	0
misamari	26.8061	92.5977	AS	0	0
mishilimi	25.8792	94.2515	NL	0	0
mission vengthlang	23.7131	92.7124	MZ	0	0
mogiyabari	23.5500	91.8500	TR	0	0
mohamai	26.2526	89.7750	AS	0	0
mohanbari	27.4628	95.0209	AS	0	0
mohanpur	23.9797	91.4430	TR	1	187036
mohmaiki	26.6357	93.6294	AS	0	5639
mohmaragaon	27.6239	95.1666	AS	0	0
moilang	26.0646	94.0680	AS	0	0
moirang	24.4266	93.7809	MN	1	112739
mokalaw	25.5270	92.4399	ML	0	0
mokokchung	26.3139	94.5168	NL	1	194622
molnom	24.1937	93.3855	MN	0	0
molong	24.9726	93.1479	AS	0	0
molungyimsen	26.6645	94.5994	NL	0	0
molvailup	24.7969	94.6187	MN	0	0
mombi	24.1063	93.9402	MN	0	0
mon sadar	26.7527	95.0215	NL	1	47977
monastere de rumteck	27.3319	88.6019	SK	0	0
mongon	24.2906	93.3686	MN	0	0
mongsenyimti	26.4291	94.6213	NL	0	0
monigong	28.6136	94.0682	AR	0	0
monigong eac	28.8223	94.2097	AR	1	4472
monyakshu	26.4146	95.0542	NL	1	22729
mopom	28.3399	95.2657	AR	0	0
mopom adipasi circle	28.3539	95.2986	AR	1	1360
mopong	26.4361	94.9498	NL	1	15377
mopung	28.3173	94.8482	AR	0	0
moragang	24.6313	92.6347	AS	0	0
moran	27.2296	94.8764	AS	1	169759
moran gaon	26.6901	94.4156	AS	0	0
moran town	27.1874	94.9147	AS	0	8434
morangi	26.4966	93.8583	AS	1	114851
moranha	27.1873	94.9156	AS	0	7136
moreh	24.2743	94.2563	MN	1	23100
morigaon	26.2521	92.3424	AS	1	957423
mornai	26.1047	90.7477	AS	0	0
morongial	26.3326	92.6835	AS	0	10318
moshing	27.1841	92.2212	AR	0	0
moshrat	25.5770	92.5201	ML	0	0
mosli pt i	24.8595	92.4775	AS	0	5087
motital pathar	26.7768	94.1293	AS	0	0
mpong	27.7900	96.1268	AR	0	0
mrambon	28.3962	95.7891	AR	0	0
mualbu kawnpui	22.3303	92.7109	MZ	0	0
muallungthu	23.6095	92.7213	MZ	0	0
mualnuam	24.2078	93.3787	MN	1	6874
mualthuam	23.1147	92.7410	MZ	0	0
mualvum	24.0219	92.6652	MZ	0	0
mubarakbasti	26.0971	92.8764	AS	0	0
mugrapur	24.7871	92.4963	AS	0	0
muiri	27.7807	93.6093	AR	0	0
mukalmua	26.2743	91.3542	AS	0	0
mukhachariduar	23.4632	91.8473	TR	0	0
mukhla	25.4823	92.2203	ML	0	0
mukki	28.0719	94.2006	AR	0	0
muktapur	26.4211	91.7374	AS	0	0
muktasinghpara	23.9624	92.1585	TR	0	0
mukto	27.5242	91.9125	AR	0	0
mukto circle	27.5159	91.9163	AR	1	3655
mulam	24.1940	93.6842	MN	0	0
mullianpui	22.6780	92.5655	MZ	0	0
mumbarakkapatti	9.9148	78.3828	MZ	0	0
mumgaon	26.3814	93.4851	AS	0	0
mungram	27.1345	88.3988	SK	0	0
munpi	24.3203	93.5083	MN	0	0
muphlang	25.4073	92.1825	ML	0	0
murhari	24.1787	91.8233	TR	0	4827
murkong selek	27.8254	95.2290	AS	0	0
murlen	23.6588	93.2843	MZ	0	0
musalmanpara	26.3446	89.8615	AS	0	0
mushalpur	26.5792	91.4261	AS	0	0
mutah	25.6360	92.2791	ML	0	0
mutong	25.3410	92.5917	ML	0	0
mylliem	25.5409	91.8543	ML	1	313914
mynser	25.9151	92.4086	AS	0	0
mynska	25.4520	92.4436	ML	0	0
mynsning	25.3833	92.5500	ML	0	0
mynso	25.5533	92.3256	ML	0	0
n thingdawl	24.0980	92.6973	MZ	1	25468
na duar	26.7565	93.0282	AS	1	123542
na sripuria	27.2366	95.2180	AS	0	0
nachankuti	26.4123	90.4410	AS	0	0
nacho	28.3769	93.8423	AR	0	0
nacho sdo	28.4502	93.8437	AR	1	5151
nadiapara	26.0137	91.2686	AS	0	0
nafra	27.3711	92.5441	AR	0	0
nafra eac	27.5270	92.5091	AR	1	7403
nagaon	26.3504	92.6923	AS	1	2823768
nagarbera	26.0956	91.0220	AS	1	78280
nagargaon	27.0041	94.1597	AS	0	0
nagdirgram	24.6642	92.8659	AS	0	0
nagg tel	27.5378	88.6186	SK	0	0
nagidanda	27.1688	88.4521	SK	0	0
naginimora	26.8466	94.8778	NL	1	1583
nagraibari	23.5986	91.6139	TR	0	0
naharani	26.9008	93.6763	AS	0	0
naharkatiya	27.2223	95.3534	AS	1	187408
naharlagun	27.1047	93.6952	AR	0	36158
naharlagun eac	27.1331	93.6835	AR	1	49106
nahira	26.1093	91.4704	AS	0	11790
nahorkatiya	27.2860	95.3280	AS	0	18937
naitar	26.0696	90.9985	AS	0	0
nakachari	26.7063	94.3952	AS	0	0
nakchok	27.4022	88.7764	SK	0	0
nakhangia bongali	27.3519	95.1562	AS	0	0
nakhatia	27.2833	95.3333	AS	0	0
nakhola	26.1220	92.1995	AS	0	0
nakhula grant	26.1215	92.2105	AS	0	3806
nakraihapara	23.9976	92.1006	TR	0	0
nalaitinputtur	9.1326	77.8197	MZ	0	0
nalam	27.1558	88.4816	SK	0	0
nalapara	25.8902	91.1839	AS	0	0
nalbari	26.5000	91.4000	AS	1	771639
nalkata	24.0561	92.0022	TR	0	0
nallaiyanur	11.8517	77.8295	TR	0	0
nalong	25.4131	93.7975	MN	0	0
nam dabaka	26.0987	92.8520	AS	0	0
nambashi	24.5906	94.3554	MN	0	0
nambol	24.6813	93.8329	MN	1	68102
namchi	27.3112	88.3744	SK	1	146850
namchibung	27.2463	88.6066	SK	0	0
namdang	26.9499	94.5453	AS	0	0
namgaon	27.2389	88.2804	SK	0	0
namphing	27.2319	88.4796	SK	0	0
nampong	27.3061	96.1060	AR	0	0
nampong sdo	27.2874	96.1191	AR	1	3636
namrek	27.1394	88.2668	SK	0	0
namrup	27.1940	95.3193	AS	0	18432
namsai	27.6673	95.8618	AR	1	0
namsai hq	27.6938	95.9035	AR	1	26865
namsang	26.7427	94.7999	NL	1	3002
namsing	27.9269	95.4874	AR	0	0
namsing circle	28.0033	95.4822	AR	1	7459
namthang	27.1629	88.4775	SK	0	0
namtok	27.2457	95.7157	AR	0	0
namtok eac	27.2260	95.6954	AR	1	3875
namtolagaon	26.9656	95.0594	NL	0	0
nandu	27.1508	88.3015	SK	0	0
nangalepcha	27.1446	88.2959	SK	0	0
nankar bhaira	26.4868	91.5027	AS	0	0
naobaicha	27.1674	93.9950	AS	1	148973
naoboicha	27.4154	94.6840	AS	0	0
naojan	26.1262	93.8429	AS	0	0
naokata	26.6478	91.7223	AS	0	0
naolsalia	26.5891	94.0297	AS	0	0
naorem	24.7359	93.9228	MN	0	0
naptipara	26.3509	91.3735	AS	0	0
narainpur	25.1000	92.8333	AS	0	0
narayanpur	26.9521	93.8360	AS	1	135641
narengi tinali	26.1820	91.8321	AS	0	0
nari adc	27.8641	95.1046	AR	1	95
narikuchi	26.4610	91.5717	AS	0	0
narjan	26.5760	93.2519	AS	0	0
narsingarh	23.9097	91.2508	TR	0	7404
nartap	25.8560	91.9039	ML	0	0
nartiang	25.5689	92.2088	ML	0	0
naryanpur	26.9501	93.8577	AS	0	6001
nasatra	26.3225	91.0598	AS	0	0
nasbor	26.8591	93.4019	AS	0	0
natabari	26.3073	89.8541	AS	0	0
natanpur grant	25.0106	92.4270	AS	0	0
nathang	27.2977	88.8194	SK	0	0
nathkuchi	26.6151	91.2848	AS	0	0
natsimi	25.9165	94.2988	NL	0	0
naubaisa goan	26.7955	94.2159	AS	0	5015
navanchanarabari	23.1561	91.7117	TR	0	0
naya bazar	27.1308	88.2397	SK	0	1035
nayabazar	27.1467	88.2798	SK	0	1235
nayagram	24.5687	92.4221	AS	0	0
nayapara	26.4511	89.8997	AS	0	0
naysatra	26.3080	90.6933	AS	0	0
nazira	26.8526	94.7360	AS	1	204352
neamati	26.8333	94.3000	AS	0	0
neghereting	26.7333	94.1167	AS	0	0
neihbawi	23.8374	92.7437	MZ	0	0
neihdawn	23.5059	93.2410	MZ	0	0
nengkhra agalgiri	25.5167	90.6942	ML	0	0
nepaligaon	26.9689	93.9761	AS	0	0
nepalipara	26.4689	89.8821	AS	0	0
nepalpara	26.4595	89.9802	AS	0	0
nerhema	25.7795	94.1201	NL	0	0
new bongaigaon	26.4638	90.5639	AS	0	0
new bongaigaon railway colony	26.4772	90.5360	AS	0	14896
new dawn	22.9025	92.8287	MZ	0	0
new seren	27.7379	94.8843	AS	0	0
new seren circle	27.8059	94.9647	AR	1	3048
ngarikhunaw	25.3420	94.3289	MN	0	0
ngawar	25.2799	94.2560	MN	0	0
ngopa	23.8730	93.2606	MZ	1	17713
ngoungchung	26.3466	94.8244	NL	1	6111
ngunlingkhua	22.1764	92.6396	MZ	0	348
niaunyu	26.8536	95.3179	AR	0	0
niausao	26.8198	95.2796	AR	0	0
nichuguard	25.8056	93.7849	NL	0	0
nidanpur	25.9325	90.1172	ML	0	0
nidanpur pt-ii	26.0233	90.3037	AS	0	7954
nihokhu	25.8540	93.9314	NL	1	8699
nij charaibahi	26.2920	92.4548	AS	0	0
nij laluk	27.1188	93.9296	AS	0	0
nikashi	26.7294	91.3629	AS	0	0
niktak	27.9647	93.8729	AR	0	0
nikte kodum circle	28.1155	94.6913	AR	1	1984
nilai jhora	26.3998	89.9441	AS	0	0
nilambazar	24.7279	92.3710	AS	1	242451
nilling	28.0360	93.9613	AR	0	0
nilling circle	28.0446	93.9589	AR	1	2769
ninging	28.9533	94.8332	AR	0	0
ningru	27.6301	95.8907	AR	0	0
ningthoukhong	24.5717	93.7641	MN	0	13078
nioku	27.9311	94.1240	AR	0	0
nirjuli	27.1329	93.7465	AR	0	0
nisapui	23.9394	92.7693	MZ	0	0
niuland	25.9634	93.9792	NL	1	12011
niz - mankata	27.4642	94.9213	AS	0	5924
niz banekuchi	26.4731	91.3964	AS	0	0
niz barala	26.4531	91.1569	AS	0	0
niz chenga	26.3054	91.1713	AS	0	0
niz chirakhowa	25.5947	89.9090	AS	0	0
niz katigorah pt iii	24.8773	92.5700	AS	0	5687
niz namati	26.5285	91.3060	AS	0	0
niz saldah	26.4529	91.1857	AS	0	0
niz tengakhat	27.3806	95.1719	AS	0	0
niz-bahjani	26.3806	91.4159	AS	0	5183
niz-hajo	26.2494	91.5243	AS	0	15188
nizamghat	28.2798	95.7117	AR	0	0
nizau	27.4500	92.6333	AR	0	0
noishapur	26.3767	89.8657	AS	0	0
nokhu	26.1289	95.0531	NL	1	4984
noklak	26.1005	95.0194	NL	1	55606
noksen	26.3692	94.7162	NL	1	14182
nolikata	25.2438	91.2597	ML	0	0
nomnang	27.3914	88.7520	SK	0	0
noney	24.6569	93.3856	MN	1	0
nongbah	25.5213	92.2489	ML	0	0
nongbarehrim	25.2435	92.0296	ML	0	0
nonghab	25.9477	92.0279	ML	0	0
nongianglang	25.7874	91.0887	ML	0	0
nongiapam	25.7874	91.1941	AS	0	0
nongjri	25.7475	91.9112	ML	0	0
nongjrong	25.7055	92.4930	ML	0	0
nongkhlaw	25.6838	91.6372	ML	0	0
nongkia	25.2177	91.4691	ML	0	0
nongkrem	25.4966	91.8799	ML	0	0
nongkrong	25.5849	91.0780	ML	0	0
nongkynshi	25.5233	91.5423	ML	0	0
nonglwai	25.4549	91.3290	ML	0	0
nongmen	25.3449	90.9026	ML	0	0
nongpoh	25.9023	91.8769	ML	0	17055
nongpur	25.6885	91.0539	ML	0	0
nongsning	25.2455	92.4046	ML	0	0
nongspung	25.4525	91.6004	ML	0	0
nongstoin	25.5729	91.2924	ML	1	93736
nongthymmai	25.5637	91.9064	ML	0	38004
nongtraw	25.6838	92.0214	ML	0	0
nongumlong	25.5644	91.8312	ML	0	7381
nongwalbibra	25.4667	90.7000	ML	0	0
norang	27.5917	92.9856	AR	0	0
north garo hills	25.8968	90.6160	ML	1	0
north guwahati	26.1975	91.7202	AS	0	17516
north guwahati pt	26.2445	91.7263	AS	1	76627
north lakhimpur	27.1650	94.1664	AS	1	250643
north lungsai	23.5023	92.7007	MZ	0	0
north mualthuam	23.1231	92.7409	MZ	0	0
north salmara	26.3656	90.6348	AS	0	0
north tripura	24.3554	92.1710	TR	1	693947
north vanlaiphai	23.1323	93.0653	MZ	0	3602
nowboisa	26.9130	94.4311	AS	0	0
nowsolia gaon	26.7308	94.1860	AS	0	4312
nring	27.5475	96.1030	AR	0	0
nsong	25.2975	93.5224	NL	1	5200
numaligarh	26.6225	93.7223	AS	0	7386
numaligarh refinery township	26.5885	93.7443	AS	0	2318
nungba	24.6595	93.3569	MN	1	13423
nungkuinu	24.0436	94.0763	MN	0	0
nungon	25.0101	94.4099	MN	0	0
nungtak	24.5237	94.1654	MN	0	0
nunmati	26.1833	91.8000	AS	0	0
nutan bazar	23.4291	91.7542	TR	0	0
nyapin	27.7192	93.3753	AR	0	0
nyapin adc	27.7161	93.4351	AR	1	6651
nyasia	26.7789	95.2027	NL	0	0
nyereng	28.9356	95.0091	AR	0	0
nyeying	28.4907	94.4184	AR	0	0
nyobia circle	27.8641	93.5720	AR	1	1629
nyorak	28.1110	94.6902	AR	0	0
nyukmadong	27.4333	92.1333	AR	0	0
nyuri	27.7000	92.2167	AR	0	0
oaklands	27.5500	95.0667	AS	0	0
oinam	24.6890	93.8129	MN	0	7161
oinamlong	24.7474	93.2702	MN	0	0
oksiguri	26.4503	89.9705	AS	0	0
old ziro	27.5934	93.8280	AR	0	0
old ziro sdo	27.6184	93.8442	AR	1	19605
omchhu	27.2176	88.3401	SK	0	0
ongpangkong	26.3027	94.4770	NL	1	83797
orang	26.7005	92.3236	AS	0	0
orangajuli	26.8167	91.8667	AS	0	0
oting	26.8435	94.9642	NL	0	0
oyan circle	27.9004	95.3361	AR	1	9715
pabong	27.2013	88.3582	SK	0	0
pabram	24.9498	93.3664	MN	0	0
pachak	27.2178	88.5669	SK	0	0
pache	27.2085	88.6022	SK	0	0
pachi	27.2333	88.4667	SK	0	0
pachim nalbari	26.3884	91.3297	AS	1	123761
padam	27.2161	88.3302	SK	0	0
padamche	27.2060	88.5795	SK	0	0
padamchen	27.2370	88.7663	SK	0	0
padmabil	26.4363	89.9634	AS	0	6874
pagigaon	27.1507	88.2273	SK	0	0
paglahat	26.2105	89.8640	AS	0	0
paglam	27.9406	95.5720	AR	0	0
pahumaragaon	27.1238	94.1099	AS	0	0
paikan bonmaza	26.3703	91.3481	AS	0	0
paikhai	23.6491	92.7598	MZ	0	0
pailapool	24.8303	93.0248	AS	0	0
paiyum	28.5420	94.6400	AR	0	0
pakariamukh	26.2667	92.0500	AS	0	0
pakhriguri	26.3891	90.7096	AS	0	0
pakke kessang	27.1053	93.0357	AR	1	15358
pakke kessang eac	27.1066	93.1875	AR	1	2420
paklanggaon	25.8505	93.2619	AS	0	0
pakoti circle	27.3944	92.9603	AR	1	4465
pakriguri	26.4642	89.9702	AS	0	0
pakyong	27.2250	88.6492	SK	1	94344
palanghat	24.6365	92.8565	AS	0	0
palangphabari	23.3000	91.7500	TR	0	0
palasbari	26.0035	91.4979	AS	1	239026
palasguri	26.4743	89.9347	AS	0	0
palaskandi	26.3611	89.8661	AS	0	0
palel	24.4493	94.0204	MN	0	0
palin	27.6963	93.6247	AR	0	0
palin circle	27.7000	93.6272	AR	1	9896
palitam	27.1613	88.4717	SK	0	0
palling	28.8379	94.8120	AR	0	0
palling circle	28.8668	94.8254	AR	1	613
palum	27.1397	88.3661	SK	0	0
pambriew	25.4247	91.3624	ML	0	0
pamdkhar	25.7333	92.3766	ML	0	0
pamsanngul	25.4053	91.6557	ML	0	0
panari	26.5484	91.8366	AS	0	0
panchgram	24.8614	92.5963	AS	0	0
pandu	26.1691	91.6771	AS	0	0
paneri	26.7269	91.9157	AS	0	0
pangchao sdo	26.7314	95.3050	AR	1	11808
pangchau	26.7230	95.2760	AR	0	0
pangchen	27.6833	91.7667	AR	0	0
pangin	28.2102	94.9887	AR	0	0
pangin eac	28.2048	94.9639	AR	1	3411
pangkibot	24.8757	93.4660	MN	0	0
pangti	26.2617	94.3194	NL	0	0
pangzawl	23.0949	92.8939	MZ	0	0
panigaon	26.3834	92.7945	AS	0	0
panikhaiti	26.2004	91.8762	AS	0	0
panikunda	25.2095	91.0189	ML	0	0
paniputa	26.8358	92.7755	AS	0	0
panisagar	24.2041	92.2456	TR	1	75973
panitola	27.4920	95.2541	AS	0	0
panitola gaon	27.4931	95.2567	AS	0	0
panso	26.1410	94.9429	NL	1	11036
panwari	26.4866	89.9551	AS	0	0
paomata	25.4965	94.3723	MN	1	53901
papum pare	27.2888	93.5969	AR	1	0
papung	27.2294	88.4458	SK	0	0
parakha	27.2429	88.6682	SK	0	0
parang	27.3310	93.5060	AR	0	0
parang circle	27.3590	93.4810	AR	1	1655
parasu tangani	26.3482	92.4629	AS	0	0
parbing	27.1801	88.4082	SK	0	0
parbuk sdo	28.0002	95.7497	AR	1	654
parbung	24.2496	93.1066	MN	0	0
pareng	28.3867	94.9147	AR	0	0
parengaon	27.2021	88.2549	SK	0	0
parghat	26.6261	93.7386	AS	0	0
parlli part	26.0995	91.5403	AS	0	5788
parva i	22.0856	92.6466	MZ	0	1516
parva ii	22.0859	92.6507	MZ	0	456
parva iii	22.0808	92.6538	MZ	0	266
parvatia	27.1748	88.2209	SK	0	0
pasighat	28.0663	95.3268	AR	0	25581
pasighat hq	28.0549	95.3337	AR	1	36354
pasompui	25.5138	93.5493	NL	0	0
passa valley circle	27.2596	93.1902	AR	1	1189
pasuarkhal	26.2377	90.1858	AS	0	0
patacharkuchi	26.5167	91.2667	AS	0	0
patakata	25.8529	89.9885	ML	0	0
patgaon	26.5695	90.2310	AS	0	0
pathakata	26.5065	90.0968	AS	0	0
pathakhuri	24.3793	92.4005	AS	0	0
pathalipam	27.4255	94.2933	AS	0	0
patharkandi	24.4599	92.2993	AS	1	261368
patharkhnang	25.6240	91.1523	ML	0	0
patharughat	26.4667	91.8667	AS	0	0
pathorighat pt	26.5369	91.9496	AS	1	81321
pathsala	26.5114	91.1802	AS	0	11242
patiladoha	26.5027	90.8080	AS	0	0
patsoi	24.7607	93.8407	MN	1	70665
patuk	27.9713	93.4621	AR	0	0
patuk adc	28.0023	93.4204	AR	1	9152
payagam	27.1000	93.3667	AR	0	0
payeng	28.2480	94.1290	AR	0	0
payeng circle	28.2800	94.1320	AR	1	5291
payong	27.1080	88.4490	SK	0	0
payum circle	28.6960	94.6085	AR	1	2354
pdengshakap	25.2329	92.1476	ML	0	0
pechrek	27.2466	88.2020	SK	0	0
pedi ngwalwa	25.6161	93.8555	NL	1	9255
pelling	27.3016	88.2327	SK	0	0
pemayangtse	27.3000	88.2500	SK	0	0
pemir	27.7513	93.9593	AR	0	0
pendam	27.2131	88.5223	SK	0	0
pengree	27.4433	95.7737	AS	0	0
pengri	27.4229	95.7652	AS	0	0
perabharigaon	27.1946	94.3964	AS	0	0
perapatti	9.4065	77.8367	MZ	0	0
peren	25.5128	93.7372	NL	1	95219
perhen	26.5161	93.6500	AS	0	0
periya pattanam	9.2638	78.9064	MZ	0	0
petla	26.2515	89.8509	AS	0	0
petla bhati	26.2569	89.8565	AS	0	0
petla maidhya	26.2733	89.8568	AS	0	0
petla ujan	26.2927	89.8728	AS	0	0
pfutsero	25.5675	94.2626	NL	1	31229
phaibak	24.5561	93.1520	MN	0	0
phaikulum	25.4753	93.4521	AS	0	0
phaileng	23.9121	92.9265	MZ	0	0
phaiphengmun	24.3403	93.4573	MN	0	0
phairuangkai	22.8238	92.6394	MZ	0	0
phaiyeng	24.8452	93.8226	MN	0	0
phalidanda	27.1698	88.3898	SK	0	0
phangchagaon	26.4266	93.8213	AS	0	0
phangchogaon	26.5131	93.4270	AS	0	0
phassang	27.7070	93.2823	AR	0	0
phassang circle	27.7156	93.2977	AR	1	2435
phatika	26.7407	93.2048	AS	0	0
phek sadar	25.6996	94.4666	NL	1	28571
phekchu	27.2467	88.5606	SK	0	0
phellong	25.0971	93.4431	MN	0	0
phensang	27.4209	88.6082	SK	0	0
phering	25.1753	94.3698	MN	0	0
pherzawl	24.2613	93.1883	MN	1	0
philimi	26.0703	94.4052	NL	0	0
philobari	27.5565	95.6931	AS	0	0
phlangmawphra	25.2902	91.2661	ML	0	0
phoipi	24.5180	93.6019	MN	0	0
phokhungri	25.5978	94.8118	NL	1	3010
phomching	26.7113	95.1990	NL	1	13937
phong	27.1813	88.4549	SK	0	0
photspi	25.2649	91.5209	ML	0	0
phuaibuang	23.9264	93.1221	MZ	0	0
phuitomi	25.4732	93.7647	NL	0	0
phukanbari te	27.3659	95.2123	AS	0	0
phukangaon	27.5416	94.6041	AS	0	0
phulaguri	26.2667	92.5833	AS	0	0
phulbari	25.8865	90.0371	ML	0	0
phuldungsei	23.8190	92.2607	TR	0	0
phullen	23.7964	92.9452	MZ	1	32878
phuloni	26.2775	93.1586	AS	1	286311
phuluni	26.2039	93.1286	AS	0	0
phungta	25.0871	94.7136	MN	0	0
phungyar	24.8118	94.3450	MN	1	16539
phunsebong	27.1970	88.2166	SK	0	0
phutang	27.2262	92.2466	AR	0	0
pidi circle	28.6519	94.3901	AR	1	1036
pinchi	27.7715	93.3225	AR	0	0
pingaleswar	26.3876	91.7741	AS	0	0
pipalibari	26.3765	91.3357	AS	0	4534
pipsorang	28.1542	93.6754	AR	0	0
pipsorang circle	28.1504	93.6630	AR	1	6788
pipu dipu	27.5169	93.0534	AR	0	0
pipu dipu circle	27.5386	93.1290	AR	1	3852
piradhara	26.2982	90.6927	AS	0	0
pirik	27.2447	88.5821	SK	0	0
pistana	27.5037	93.6523	AR	0	0
pistana circle	27.5270	93.6403	AR	1	4595
pithakhaitigaon	26.4167	92.1833	AS	0	0
pithanghen	27.4182	88.7508	SK	0	0
piyong	27.6429	95.8991	AR	0	0
piyong circle	27.6240	96.0049	AR	1	10481
pizirang veo circle	27.2278	93.0491	AR	1	3195
plongliang	28.2784	96.5554	AR	0	0
pointong	27.5000	92.5000	AR	0	0
pokalagi	26.3523	89.8448	AS	0	0
polosang circle	28.0068	92.9323	AR	1	1254
pongo	26.4851	94.8718	NL	0	0
porompat	24.8100	93.9683	MN	1	251171
potin	27.3368	93.8269	AR	0	0
powai	27.3525	95.6460	AS	0	0
poyom	28.2360	94.5843	AR	0	0
priphema	25.7446	93.9696	NL	0	0
psiar	25.5918	92.5783	ML	0	0
pub - dhaniram pather	26.0138	92.8717	AS	0	6280
puchep	27.2271	95.8471	AR	0	0
puchi geko	27.8940	94.2624	AR	0	0
puchi geko circle	27.8805	94.2491	AR	1	4418
pughoboto	25.9059	94.2833	NL	1	8943
puging	28.7432	94.9353	AR	0	0
pukhrambam	24.6770	93.8819	MN	0	0
pukhuri	27.4707	95.3367	AS	0	0
pukzing	23.3437	92.4272	MZ	0	0
pulomi	25.5811	93.9097	MN	0	0
pumao	26.8211	95.2106	AR	0	0
pumao circle	26.8297	95.2329	AR	1	4934
pungro	25.7646	94.8712	NL	1	16852
punkhung	26.7693	94.9617	NL	0	0
punyang	27.0908	95.8867	AR	0	0
purana namchi	27.1544	88.3508	SK	0	0
puranigudam	26.3764	92.7960	AS	0	0
purorr	25.9867	94.7966	NL	0	0
purul	25.3264	94.1878	MN	1	39063
purura khulen	24.4037	93.9782	MN	0	0
puthimari	26.6943	92.2194	AS	0	0
pynursla	25.3104	91.9239	ML	1	57870
pyudung	27.3182	92.7069	AR	0	0
rabdang	27.3136	88.4858	SK	1	42203
rabhapara	26.2553	89.8857	AS	0	0
rabikhola	27.1545	88.4188	SK	0	0
rabiraipara	23.6959	92.0474	TR	0	0
rabitar	27.1452	88.4254	SK	0	0
raddar	27.2333	93.5439	AR	0	0
radhakishorenagar	23.8676	91.3427	TR	0	13866
radhakishorepur	23.5368	91.4915	TR	0	9052
radhakishorpur	24.2333	92.2833	TR	0	0
raga adc	27.8048	94.1525	AR	1	5384
rahung	27.3144	92.3716	AR	0	0
raidang goan	27.5011	95.5434	AS	0	0
raigaon	27.2267	88.4275	SK	0	0
raikata islampur	25.9471	92.7655	AS	0	0
raimana	26.6344	89.9709	AS	0	0
raipalomei	25.3521	94.3243	MN	0	0
raipur	26.1409	89.8380	AS	0	0
raja bazar	24.8879	93.0688	AS	0	0
raja mayang	26.2379	92.0087	AS	0	0
rajabari	26.9371	94.8545	AS	0	0
rajapukhuri	26.0959	91.4848	AS	0	0
rajbari	25.8667	93.7333	AS	0	0
rajgurugaon	26.7797	94.1712	AS	0	0
rajja	28.0698	94.1379	AR	0	0
rajnagar	24.2961	92.1875	TR	0	0
rakhapara	26.0907	90.5234	AS	0	0
ralan	26.0092	93.9989	NL	1	8627
ralong	27.2163	88.5112	SK	0	0
ralvawng	22.9498	92.8611	MZ	0	0
ramaram	27.1588	88.4404	SK	0	0
rambabong	27.1127	88.4206	SK	0	0
rambeng	27.2018	88.4348	SK	0	0
rambrai	25.6519	91.3192	ML	0	0
rambuk	27.1513	88.1559	SK	0	0
ramdia	26.2315	91.4859	AS	0	0
ramiti	27.1830	88.4799	SK	0	0
ramkrishna nagar	24.4930	92.4379	AS	1	281864
ramlaitui	23.1828	92.7383	MZ	0	0
ramnagar	24.8255	92.7467	AS	0	0
ramnathpur	26.3320	89.8452	AS	0	0
ramphuk	27.1446	88.4833	SK	0	0
rampur	26.2764	91.2600	AS	0	0
ramsing	28.6539	94.9810	AR	0	0
ramthar	22.8796	92.7495	MZ	0	0
ranchapur	26.3889	89.8988	AS	0	0
rangagora	27.5696	95.2973	AS	0	0
rangamati	26.3833	91.9667	AS	0	0
rangangaon	26.4250	89.9295	AS	0	0
rangapahar	25.8557	93.7052	AS	0	6673
rangapani	26.3167	90.7833	AS	0	0
rangapara	26.8377	92.6688	AS	0	18739
rangazumi	25.9639	94.0226	AS	0	0
rangberam	25.7220	90.8220	AS	0	0
rangia	26.4493	91.6136	AS	0	27889
rangia pt	26.3892	91.6972	AS	1	103735
rangiaghutu	26.3757	89.9131	AS	0	0
rangjoli	25.9679	90.9359	AS	0	0
rangjuli	25.9928	90.9976	AS	1	112922
rangku	28.3500	94.7167	AR	0	0
rangli	27.2034	88.7027	SK	0	0
rangmaw	25.3727	91.5155	ML	0	0
rangpo	27.2135	88.5421	SK	1	30807
rangsapara	26.8129	92.6932	AS	0	0
rangshken	25.4667	91.7333	ML	0	0
rangthong	25.3393	91.3847	ML	0	0
ranguapara	26.4312	89.9306	AS	0	0
ranguthang	27.1956	88.3680	SK	0	0
ranigodam	26.0357	91.5845	AS	0	0
ranikhata	26.6336	90.3840	AS	0	0
ranikor	25.2505	91.1747	ML	1	41218
ranir bazar	23.8346	91.3661	TR	0	13104
ratabari	24.5998	92.4019	AS	0	0
ratepani	27.1399	88.4412	SK	0	0
ratuwa	27.3918	94.4632	AS	0	0
ravangla	27.3059	88.3636	SK	0	0
ravong	27.3761	88.3708	SK	1	24333
rayong	27.2461	88.3130	SK	0	0
razephema	25.7192	93.8016	NL	0	0
razieba	25.5195	94.3141	NL	1	5429
rebo perging circle	28.2918	95.0303	AR	1	2363
rebo-pergin	28.2840	95.0106	AR	0	0
reiek	23.7276	92.5856	MZ	1	17867
rembigiri	25.8665	90.3490	ML	0	0
rengdil	24.0484	92.3842	TR	0	0
rengma pathar	26.1785	93.9108	AS	0	0
rengte	24.4811	92.7586	AS	0	10554
renuk	27.1563	95.9108	AR	0	0
renuk circle	27.1073	95.9311	AR	1	715
rerapara	25.5449	90.0854	ML	1	53258
resamguri	26.4760	89.9893	AS	0	0
resubelpara	25.8586	90.6048	ML	1	74851
rewak songmong	25.2938	90.6660	ML	0	0
rhadakishorpur	24.2418	92.2890	TR	0	0
rhenok	27.1782	88.6467	SK	0	5883
ri-bhoi	25.8900	91.8271	ML	1	258840
riang	27.5333	92.9333	AR	0	0
riangchi	27.8912	93.4326	AR	0	0
ribdi	27.1694	88.1074	SK	0	0
richukrong	27.3826	92.8230	AR	0	0
richukrong circle	27.3524	92.8623	AR	1	3033
ridang	27.1491	88.1864	SK	0	0
riga eac	28.4316	95.0415	AR	1	4153
rihabari	26.6019	91.1690	AS	0	0
rikor	28.7925	94.9340	AR	0	0
rimijhimighat i	26.3913	90.1226	AS	0	0
rimrangpara	25.3316	90.2827	ML	0	0
rinchenpong	27.2433	88.2709	SK	0	0
rinchingpong	27.2394	88.2689	SK	0	0
ringkhap songmong	25.2965	90.4425	ML	0	0
ringui	25.0526	94.2522	MN	0	0
rishetsu	25.9594	94.7503	NL	0	0
rishi	27.2174	88.3075	SK	0	0
rodappanayakkanpatti	9.0509	78.1464	MZ	0	0
roing	28.1432	95.8447	AR	0	11389
roing hq	28.1410	95.7931	AR	1	35728
rokdanda	27.1355	88.4228	SK	0	0
romai	27.3788	95.0625	AS	0	0
romgiri	25.7310	90.1375	ML	0	0
rongara	25.2676	90.8044	ML	1	23023
rongchugiri	25.6918	90.1451	ML	0	0
ronghang arong	25.8635	93.4531	AS	0	0
rongjeng	25.6111	90.8689	ML	0	0
rongkhelan	25.8563	93.4418	AS	0	0
rongli	27.2155	88.7433	SK	1	27741
rongmachokgiri	25.8046	90.0681	ML	0	0
rongra	25.1940	90.7830	ML	0	0
rongra asimgiri	25.3941	90.4309	ML	0	0
rongram	25.6441	90.2604	ML	1	133603
rongrenggiri	25.5306	90.5707	ML	0	0
rongsanggiri	25.4906	90.0112	ML	0	0
rorathang	27.2020	88.6217	SK	0	0
rosekandi	24.6953	92.7150	AS	0	0
rotung	28.1418	95.1528	AR	0	0
rowmari	26.4428	91.9420	AS	0	0
rowta	26.7058	92.2266	AS	0	0
ruallalung	22.6583	92.6747	MZ	0	0
ruchung	27.1603	88.4616	SK	0	0
ruksin	27.8454	95.2230	AR	0	0
ruksin adc	27.8506	95.1859	AR	1	10573
rumgong	28.3099	94.8852	AR	0	0
rumgong adc	28.3511	94.8134	AR	1	3144
rungarh	27.8767	96.9422	AR	0	0
rupa sdo	27.1751	92.3828	AR	1	6749
rupahi	26.4706	92.6859	AS	1	228206
rupahi town	26.4197	92.7456	AS	0	8052
rupaichhari	23.0961	91.7000	TR	0	0
rupaigaon	27.4448	94.2322	AS	0	0
rupiabathan	26.4054	91.3432	AS	0	4981
rupsi	26.1245	89.9272	AS	0	0
rushyabari	23.4499	91.9332	TR	0	0
s bungtlang	22.2916	92.7003	MZ	1	17459
sabedabari	23.6637	91.8374	TR	0	0
sabroom	23.0594	91.6773	TR	1	126178
sabual	23.4424	92.5940	MZ	0	0
sachida	27.2872	92.5668	AR	0	0
sadar	23.8079	91.2903	TR	1	531121
sadharu guri	26.7535	93.1303	AS	0	0
sadiya	27.8524	95.6858	AS	1	102434
sagalee	27.2338	93.4965	AR	0	1315
sagalee adc	27.2467	93.5023	AR	1	6049
sagolmang	24.9574	94.0242	MN	0	0
sagong	27.9858	94.8370	AR	0	0
sagunchara	26.3220	89.8313	AS	0	0
sahajuri	26.4342	89.9523	AS	0	0
sahamphung	25.0298	94.6122	MN	1	9484
saharghutu	26.4358	89.9045	AS	0	0
sahebpara	26.4451	89.9719	AS	0	0
sahryngkham	25.5451	91.9635	ML	0	0
saibom	24.4254	94.1011	MN	0	0
saichal	23.7187	93.0677	MZ	0	0
saichang	24.4488	93.4073	MN	0	0
saiha	22.4405	93.0559	MZ	1	37208
saikhoa ghat	27.7548	95.5979	AS	0	0
saikot	24.2781	93.7262	MN	1	12167
saikul	24.9962	93.9793	MN	1	25986
saipung	25.2932	92.6038	ML	1	37107
sairang	23.8103	92.6523	MZ	0	5950
sairep	22.8229	92.8211	MZ	0	0
saitlaw	23.9719	92.5745	MZ	0	11043
saitthad	25.5429	92.5360	ML	0	0
saitu	25.0338	93.8932	MN	0	0
saitu gamphazol	25.0159	93.8369	MN	1	27299
saitual	23.8486	93.0914	MZ	1	50591
sajong	27.2046	88.5501	SK	0	0
sajrang	25.7901	91.7481	ML	0	0
sakchi	26.4039	94.8499	NL	0	0
sakhai	25.8802	94.5034	NL	0	0
sakhalu	25.9751	94.5126	NL	0	0
sakhan	23.8041	92.1598	TR	0	0
sakmuthi	26.5167	93.0167	AS	0	0
sakmuthigoan	26.5692	92.9796	AS	0	0
sakok	24.8742	94.3133	MN	0	0
sakong	27.4333	92.8000	AR	0	0
sakraba	25.6382	94.3660	NL	1	9241
sakshi	26.4328	94.8535	NL	1	8615
sakti	27.6167	91.7167	AR	0	0
sakyong	27.5667	88.4000	SK	0	0
salaguri	27.0646	94.8270	AS	0	0
salakati	26.4442	90.3641	AS	0	4863
salana	26.4537	92.9769	AS	0	0
salebong	27.1549	88.3791	SK	0	0
saledal	26.4287	91.7812	AS	0	0
salem veng	23.7069	92.7366	MZ	0	0
salgari	27.1420	88.3098	SK	0	0
salikipara nc	27.2943	94.2039	AS	0	0
salingdang	27.1182	88.1470	SK	0	0
saljuri	26.4965	89.9808	AS	0	0
salkocha	26.2356	90.3394	AS	0	0
salmara	26.2614	90.1741	AS	0	0
samaguri	26.3996	92.8083	AS	1	330575
samala khat	26.5156	91.9270	AS	0	0
samanda	25.5763	90.5043	ML	1	56235
samdong	27.3489	88.5029	SK	0	0
sampurre	25.8329	94.7751	NL	0	0
samsingh	27.1554	88.2809	SK	0	0
samugarangapuram	8.3774	77.6120	MZ	0	0
samukjan	26.4358	93.8030	AS	0	0
samulamlan	24.3530	93.7911	MN	1	10356
samurou	24.7009	93.9033	MN	0	16582
san khu	27.1999	88.5157	SK	0	0
sandheli	26.4389	91.4266	AS	0	0
sangaikot	24.2268	93.8025	MN	1	14082
sangau	22.6615	93.0168	MZ	1	16739
sangdung	27.2254	88.2335	SK	0	0
sangdupota	27.1404	93.7785	AR	0	0
sangdupota basar nello circle	27.1011	93.4067	AR	1	4053
sangkhu	27.2439	88.1347	SK	0	0
sangma	28.1282	96.6875	AR	0	0
sangpurr	26.1338	94.8515	NL	0	0
sangram	27.8070	93.5348	AR	0	0
sangram sdo	27.8114	93.5188	AR	1	9203
sangsangnyu	26.2510	94.8743	NL	1	6629
sangsik	25.5256	90.8649	ML	0	0
sanis	26.2055	94.2032	NL	1	7356
sanjenbam	24.7883	94.0159	MN	0	0
sanpara	26.0390	91.5127	AS	0	4534
santhalpara	26.4534	89.9287	AS	0	0
santinagar	23.9809	91.6166	TR	0	0
santipur	26.5807	91.4583	AS	0	0
santirbazar	23.2895	91.6294	TR	1	135676
sapatgram	26.3373	90.1236	AS	0	12163
sapatimi	26.2004	94.5469	NL	0	0
sapekhati	27.0969	95.2140	AS	1	152990
sapkata	26.2858	91.3879	AS	0	0
saptiqa	25.9826	94.4058	NL	1	575
saralpara	26.8251	90.2504	AS	0	0
sarbhog	26.4893	90.8843	AS	0	8112
sarhed	26.4474	93.3569	AS	0	0
sarkher basti	25.8873	93.1546	AS	0	0
sarli	27.9263	93.1629	AR	0	0
sarli circle	27.9651	93.1798	AR	1	1866
sarpamari	26.3073	89.8666	AS	0	0
sarpara	26.0955	91.5184	AS	0	6529
sartam	28.0026	93.8268	AR	0	0
sarthebari	26.3717	91.1951	AS	1	138808
sarupathar	26.1233	93.9055	AS	1	232378
sarupathar bengali	27.3406	95.3135	AS	0	8752
sarupeta	26.5019	91.0767	AS	0	0
sarupeta pt	26.5461	91.1329	AS	1	148696
sarusajai	26.1103	91.7614	AS	0	0
satakha	25.9347	94.4582	NL	1	19691
sateek	23.5465	92.7031	MZ	0	0
satgaon	26.1535	91.8451	AS	0	0
sathazumi	25.7602	94.3625	NL	0	0
satoi	25.8111	94.6012	NL	1	4540
satpakhali	26.0636	91.4495	AS	0	0
satra baradi	26.3285	91.0502	AS	0	0
satrakanara	26.2571	90.9200	AS	0	0
sawa circle	27.7245	93.0447	AR	1	3872
sawombung	24.9234	94.0331	MN	1	79080
sebba	27.2277	93.0298	AR	0	0
sechapani	26.2878	89.8945	AS	0	0
sechu zubza	25.6722	93.9930	NL	1	17083
segi gusar	28.1080	94.1805	AR	0	0
segi gusar circle	28.0771	94.2113	AR	1	4017
seijosa adc	27.0538	92.8497	AR	1	3958
sekhe	27.3504	93.7359	AR	0	0
sekhum	23.1387	92.7502	MZ	0	0
sekruzu	25.7908	94.3822	NL	1	11366
selbalgiri	25.3401	90.0497	ML	0	0
seling	23.7255	92.8566	MZ	0	0
selsella	25.7235	89.9991	ML	1	85035
semma	27.2500	93.1333	AR	0	0
sempang	24.8551	93.4319	MN	0	0
senapati	25.2671	94.0224	MN	1	479148
senga	26.2790	91.1565	AS	0	0
senge dzong	27.4667	92.1000	AR	0	0
sengmai	24.9456	93.8814	MN	0	5065
sentlang	23.8956	92.7364	MZ	0	0
senua	26.9051	95.3304	AR	0	0
senvon	24.1419	93.0481	MZ	0	0
sepahijala	23.6063	91.3433	TR	1	0
sepon	27.1107	94.8495	AS	0	4234
seppa	27.3617	93.0399	AR	0	18350
seppa hq	27.2891	92.9880	AR	1	24749
serchhip	23.2817	92.9004	MZ	1	64937
serfanguri	26.4631	89.9478	AS	0	0
serhmun	24.2345	92.4233	TR	0	0
serkawn	22.9085	92.7575	MZ	0	0
serkawr	22.3622	92.9801	MZ	0	0
sesawng	23.7457	92.8546	MZ	0	0
sethawn	24.1192	92.6969	MZ	0	0
seyochung	25.9365	94.6511	NL	1	9151
shamaguri	26.4099	89.9074	AS	0	0
shamator	26.1022	94.8568	NL	1	13564
shamtorr	26.0595	94.8799	NL	0	0
shangnyu	26.8019	95.1705	NL	1	4740
shangpung	25.4768	92.3513	ML	0	0
shartang	24.0739	93.7315	MN	0	0
shedhumi	25.8681	93.9517	AS	0	0
shelkai	24.0179	93.8049	MN	0	0
shelkui khunou	24.0644	93.8679	MN	0	0
shella	25.1786	91.6395	ML	0	54039
shella bholaganj	25.2437	91.7103	ML	1	54039
sherathang	27.3801	88.8199	SK	0	0
shergaon	27.1257	92.2589	AR	0	0
shergaon circle	27.0439	92.3232	AR	1	3077
shermun	22.3344	92.6120	MZ	0	0
sherpur	24.6682	92.3493	AS	0	0
shi yomi	28.6786	94.2592	AR	1	13310
shikhi	27.2333	93.7000	AR	0	0
shilbaji	26.4796	89.9915	AS	0	0
shilghagri	26.4026	89.9258	AS	0	0
shillong	25.5689	91.8831	ML	0	143229
shimong	28.6029	95.0687	AR	0	0
shinli	28.5578	95.6005	AR	0	0
shiong	26.6952	94.9271	NL	0	0
shipungrr	26.0576	94.7973	NL	0	0
shonkaria	26.4571	91.4653	AS	0	0
shorbung	25.2598	94.1341	MN	0	0
shribong	27.1657	88.2522	SK	0	0
shuganu	24.2955	93.8737	MN	0	5132
shupa	27.1720	88.4241	SK	0	0
siajuli	27.3757	94.0954	AS	0	0
sialsuk	23.3954	92.7550	MZ	0	0
siang	28.2121	94.9924	AR	1	0
sibapurikhal	24.5688	93.0945	MN	0	0
sibbuk	28.3637	95.2644	AR	0	0
sibbum	28.3176	95.1523	AR	0	0
sibe circle	27.7657	94.4596	AR	1	1797
sibnagar	23.6526	91.2372	TR	0	0
sibong	24.3252	94.2521	MN	0	0
sibsagar	26.9164	94.6555	AS	1	1151050
sibutalung	23.5833	92.7000	MZ	0	0
sicham	27.1435	92.5767	AR	0	0
sidhabari	26.2676	92.3394	AS	0	0
sidhung	24.5136	92.3455	AS	0	0
sidli	26.5350	90.4527	AS	0	0
sidli pt	26.4937	90.4679	AS	1	161639
siejlieh	25.5365	91.2471	ML	0	0
sigar	28.0775	95.3958	AR	0	0
siging	27.1795	88.2824	SK	0	0
sihphir	23.8199	92.7411	MZ	0	0
sikarhati	26.0309	91.4847	AS	0	0
sikhong sekmai	24.6380	94.0934	MN	0	7390
silachari	23.2310	91.7748	TR	0	0
silapathar	27.5944	94.7240	AS	0	25662
silchar	24.8249	92.7464	AS	1	704465
silchar part-x	24.8173	92.8136	AS	0	6313
sildubi	26.5844	93.3101	AS	0	0
silghat	26.6030	92.9264	AS	0	0
silingi	27.2089	88.4965	SK	0	0
silkuri	24.7317	92.7881	AS	0	0
silli	28.2326	95.2224	AR	0	0
silobari	26.0044	91.1377	AS	0	0
silonijan	26.3695	93.6987	AS	1	94669
silsango circle	27.4358	93.5184	AR	1	1924
silsili demow kinar	27.1998	94.8038	AS	0	0
simaldahi	26.4054	89.9138	AS	0	0
simaltapu	26.4344	89.8738	AS	0	0
simaluguri	26.9185	94.7568	AS	0	8286
simanagaon	26.4291	92.9653	AS	0	0
simeinasora	22.0156	92.6061	MZ	0	215
simila	26.0170	91.1587	AS	0	0
simkharka	27.2450	88.4025	SK	0	0
simlabari	26.1000	90.4500	AS	0	0
simuge	28.8139	95.1280	AR	0	0
singa circle	28.8802	95.1312	AR	1	1827
singchung	27.2107	92.5065	AR	0	0
singchung adc	27.1784	92.4796	AR	1	14534
singhat	24.1425	93.5867	MN	0	0
singhik	27.5214	88.5559	SK	0	0
singimari	26.3959	90.2002	AS	0	0
singing	28.8961	94.7850	AR	0	0
singitham	27.1610	88.3628	SK	0	0
singkap	24.8627	94.2527	MN	0	0
singlijan	26.9253	93.4634	AS	0	0
singling	27.1775	88.1971	SK	0	0
singmarigaon	26.0504	92.6030	AS	0	0
singngat	24.0953	93.6208	MN	1	15802
singra	25.9438	91.1565	AS	0	0
singrep	27.1377	88.2313	SK	0	0
singri	26.6089	92.4610	AS	0	0
singrimari	25.7318	89.8968	ML	0	0
singtam	27.2347	88.5017	SK	0	6133
singura	24.7094	92.4726	AS	0	0
sipajhar	26.3944	91.8802	AS	1	227234
sirbatam	27.2145	88.2104	SK	0	0
sirdukbari	23.7687	91.5913	TR	0	0
sirire	25.9105	94.7670	NL	0	0
sirtiso	25.8337	92.5241	AS	0	0
siruttondamadavi	11.6612	79.5717	MZ	0	0
sirwani	27.2482	88.4801	SK	0	0
sissibargaon	27.5305	94.7232	AS	1	234030
sissiborgaon	27.5273	94.6755	AS	0	0
sisumuria	27.2027	95.2293	AS	0	0
sitangtola	26.4300	89.9163	AS	0	0
sitimi	25.8613	94.7148	NL	1	4835
siyum	28.3426	94.0346	AR	0	0
siyum adc	28.4705	94.0399	AR	1	6866
soalkuchi	26.1681	91.5711	AS	0	13917
sochumei	25.4833	94.2333	MN	0	0
soha circle	27.1858	95.5856	AR	1	3223
sohiong	25.5660	91.7840	ML	1	42249
sohrarim	25.3500	91.7333	ML	0	0
sokpao	24.9797	94.2658	MN	0	0
solmara	26.3796	91.2951	AS	0	0
solti	27.1371	88.3380	SK	0	0
sombari	27.1403	88.1505	SK	0	0
somdal	25.1679	94.2891	MN	0	0
sonabil	26.8187	92.6411	AS	0	0
sonai	24.5908	92.8725	AS	1	324315
sonaimukh	24.7256	92.8812	AS	0	0
sonakhira	24.5706	92.2884	AS	0	0
sonali dabri	26.3488	89.8270	AS	0	0
sonamura	23.4730	91.3219	TR	1	246955
sonapur	26.1067	92.0117	AS	1	143371
sonari	26.9968	94.9880	AS	1	150466
sonarihola	26.5484	92.8807	AS	0	0
sonarijangaon	26.2239	93.1368	AS	0	0
sonbaraghat	24.7539	92.8400	AS	0	0
soneswar	26.3438	91.6423	AS	0	0
song song	25.4762	94.1697	MN	1	47170
songchal	24.1647	93.3712	MN	0	0
songkong	24.0904	93.6789	MN	0	0
songllaka	27.2016	88.7185	SK	0	0
songpekmun	24.3216	93.2862	MN	0	0
songsak	25.6863	90.5937	ML	1	36626
songsang	24.4857	93.3163	MN	0	0
songsong	25.4982	94.1367	MN	0	0
sonitpur	26.7675	92.9643	AS	1	1924110
sonparam	25.0200	93.5910	MN	0	0
sorakpani	27.1291	88.3427	SK	0	0
sorbhog	26.4861	90.8859	AS	0	7614
soreng	27.1899	88.2019	SK	1	64760
sosing	27.2799	88.3534	SK	0	0
sotokur	26.1672	94.7856	NL	1	10079
south garo hills	25.3016	90.5853	ML	1	0
south kanghmun	23.2142	92.7404	MZ	0	0
south salmara	25.7910	89.9216	AS	1	83063
south salmara mancachar	25.7089	89.8887	AS	1	0
south tripura	23.1671	91.6095	TR	1	876001
south west garo hills	25.4724	89.9340	ML	1	0
south west khasi hills	25.3215	91.2946	ML	1	0
sribar lakhipur	24.8193	93.0010	AS	0	0
srihati	26.1959	91.5508	AS	0	0
srijangram	26.3267	90.7030	AS	1	266700
srikona	24.8352	92.7158	AS	0	0
srirampur	26.4286	89.8999	AS	0	0
suagpur	26.6850	91.7061	AS	0	0
suangdoh	24.1205	93.4646	MN	1	6328
suanggiri	25.5101	90.7988	ML	0	0
suangpuilawn	23.9493	93.0400	MZ	0	0
subankhata	26.7867	91.4170	AS	0	0
subansiri pt i	27.2149	94.3259	AS	1	75090
subuk	27.2286	88.3208	SK	0	0
suchan	27.1984	88.2960	SK	0	0
suiram	27.1724	88.4480	SK	0	0
sukan bamnai	26.4138	89.9399	AS	0	0
sukan pukhuri	27.1217	94.8702	AS	0	0
sulpukh	27.1521	88.3384	SK	0	0
sulung	27.1944	93.3740	AR	0	0
sumbuk	27.1179	88.3723	SK	0	0
sumik	27.1779	88.4702	SK	0	0
sumin	27.2405	88.5361	SK	0	0
sunduba	26.3594	92.2249	AS	0	0
sungro	26.2570	94.3238	NL	1	13046
sunpura circle	27.9721	96.0432	AR	1	5529
suntale	27.1752	88.2728	SK	0	0
suntalitar	27.1978	88.6527	SK	0	0
suruhuto	26.1586	94.5980	NL	1	13957
sutnga	25.3704	92.4375	ML	0	0
t vaichong	25.1785	93.8242	MN	1	21775
tabumoreng	27.3439	93.0740	AR	0	0
tachhip	23.5828	92.7206	MZ	0	0
tachuthang	27.1979	88.2652	SK	0	0
tadong	27.3025	88.6022	SK	0	0
tadubi	25.3810	94.0800	MN	1	90993
tadung	27.2344	88.2435	SK	0	0
tagengs	27.0906	93.5062	AR	0	0
taipi duidam	27.2912	96.0437	AR	0	7151
taipudia	27.8106	94.6081	AR	0	0
tairakuri	26.4728	94.1527	AS	0	0
tairenpokpi	24.6432	93.6703	MN	0	0
tajobum	28.3500	96.6333	AR	0	0
takarjala	23.7062	91.4203	TR	0	0
takarnam	27.1061	93.5243	AR	0	0
takchhong	27.2127	88.6462	SK	0	0
takhlibilar pathar	26.5004	90.9352	AS	0	6611
takirambari	24.2270	91.9529	TR	0	0
taksing	28.3748	93.2437	AR	0	0
taksing circle	28.4644	93.3399	AR	1	1295
takuamar	26.4218	90.4362	AS	0	0
takum	27.7948	93.6092	AR	0	0
talamalai	11.6176	77.0060	MZ	0	0
tali adc	27.9692	93.7747	AR	1	8993
taliha	28.2322	94.1442	AR	0	0
taliha adc	28.2055	94.0895	AR	1	10254
tallui	25.1904	94.3246	MN	0	0
talong	27.5000	92.9667	AR	0	0
taloulong	25.1137	93.6370	MN	0	0
talphoi	24.3181	93.6239	MN	0	0
taluagaon	26.3221	89.8397	AS	0	0
talung dzong	27.1743	92.2010	AR	0	0
tama hat	26.3011	89.8499	AS	0	0
tamaso	27.1277	93.3931	AR	0	0
tamei	25.1565	93.6801	MN	0	0
tamenglong	24.9755	93.5156	MN	1	140651
tamenglong north	25.1893	93.7027	MN	1	28056
tamenglong west	24.9819	93.3444	MN	1	27742
tamid arung	28.9077	94.5712	AR	0	0
tamkhung	26.3823	95.0064	NL	0	0
tamlu	26.6969	94.7455	NL	1	5852
tamma	25.1805	93.7164	MN	0	0
tammu	27.8416	94.3708	AR	0	0
tamthuk	27.1860	88.2452	SK	0	0
tamulpur	26.6741	91.5816	AS	1	249760
tamze	27.4215	88.7743	SK	0	0
tanak	27.2425	88.4470	SK	0	0
tanden	28.3148	95.7813	AR	0	0
tangji	27.1632	88.4547	SK	0	0
tangla	26.6569	91.9138	AS	0	17183
tangmaolia	27.2833	93.0333	AR	0	0
tapun	27.5781	96.3829	AR	0	0
tarabari	26.2309	91.1152	AS	0	0
tarak lengdi	27.8727	93.7273	AR	0	0
tarak lengdi cicle	27.7570	93.8400	AR	1	3401
taranagar	23.9688	91.3708	TR	0	15481
tarangbiang	25.2061	92.2078	ML	0	0
tarangmukh	26.3233	90.2444	AS	0	0
tarani	26.4854	91.5997	AS	0	0
tarani pather gaon	27.2874	95.2750	AS	0	0
tarapur pt vi	24.8516	92.7667	AS	0	8753
tarapur vii	24.8131	92.7822	AS	0	6977
taraso	26.9954	93.4137	AR	0	0
taraso circle	26.9859	93.4110	AR	1	2507
tarathang	27.2182	88.6436	SK	0	0
tarebhir	27.1758	88.1535	SK	0	0
tarkin	27.1801	88.6312	SK	0	0
tarku	27.2398	88.4206	SK	0	0
tasangki	25.4973	93.6679	NL	0	0
tasku	25.9518	91.7463	ML	0	0
tato eac	28.4674	94.4122	AR	1	2711
tawai	27.7923	96.7803	AR	0	0
tawang	27.6619	91.9536	AR	1	0
tawang hq	27.6391	91.8235	AR	1	18851
tawang town	27.5742	91.7950	AR	0	11202
tawipui	22.6979	92.8498	MZ	0	0
tawitaw	23.9667	92.7167	MZ	0	0
tawkzawl	23.8796	92.8525	MZ	0	0
tawngkalawng	22.1791	92.8834	MZ	0	0
tegheria	26.1286	92.2194	AS	0	5567
teidukhan	24.3546	92.8513	MZ	0	0
teikhang	24.5947	93.3737	MN	0	0
tekgairi	27.1591	88.4913	SK	0	0
tekhug	27.3744	88.8037	SK	0	0
teliamura	23.8380	91.6818	TR	1	161199
telipara	26.0297	91.0797	AS	0	0
tembang	27.3440	92.3920	AR	0	0
tengabari	26.0678	90.6951	AS	0	0
tengakhat	27.3763	95.2532	AS	1	220478
tengapania	27.1829	94.6510	AS	0	0
tengnarpat	26.2887	89.8012	AS	0	0
tengnoupal	24.4118	94.1913	MN	1	16145
tening	25.3613	93.6228	NL	1	25864
teporchali	27.1891	94.8300	AS	0	0
tesha	27.3186	92.6851	AR	0	0
tethaliang	28.1828	96.1186	AR	0	0
tezpur	26.6130	92.7819	AS	1	282032
tezu hq	28.1038	96.2241	AR	1	35320
thadlaskein	25.5553	92.2100	ML	1	137939
thaijuari	25.5643	92.9705	AS	0	0
thakurbari	24.3976	92.2280	TR	0	0
thanga	24.5326	93.8369	MN	0	0
thanggu	27.8979	88.5368	SK	0	0
thangmo	25.6512	92.6513	AS	0	0
thanlon	24.2968	93.3083	MN	1	11590
tharpu	27.1422	88.1926	SK	0	0
thayang	25.9492	92.1176	ML	0	0
thegamukh	22.8786	92.4457	MZ	0	0
thegu	27.3734	88.7906	SK	0	0
thekabong	27.2478	88.6641	SK	0	0
thekashu pt-i	25.9836	90.7790	AS	0	4384
thelamara	26.8261	92.5677	AS	1	1107
thembang circle	27.3759	92.3817	AR	1	1334
thenhlum	23.2236	92.5633	MZ	0	0
thenzawl	23.3167	92.7500	MZ	0	7259
theronliang	28.2751	96.5596	AR	0	0
thiak	23.4693	92.7110	MZ	0	0
thibapara	25.2448	90.2227	ML	0	0
thilon	24.9912	93.4070	MN	0	0
thindawl	24.1783	92.7005	AS	0	0
thingbu	27.6598	92.1014	AR	0	0
thingbu circle	27.7091	92.1650	AR	1	1592
thingfal	22.6164	92.8729	MZ	0	0
thingje	25.2632	93.3704	AS	0	0
thingsai	22.9284	93.0987	MZ	0	0
thingsat	24.1986	92.9390	MZ	0	0
thingsulthliah	23.6975	92.8327	MZ	1	14528
thiyam	24.6900	93.8643	MN	0	0
thlanship	24.1440	93.2084	MN	0	0
thongbolgiri	25.5995	90.3984	ML	0	0
thongju	24.7576	93.9374	MN	0	10836
thonglang	25.2398	93.9242	MN	0	0
thonokhyu	25.9690	94.9060	NL	0	0
thonoknyu	25.9941	95.0013	NL	1	18600
thoubal	24.6221	94.0100	MN	1	422168
thowbanga	26.8134	92.8958	AS	0	0
thrizino adc	27.2828	92.7359	AR	1	4863
thudmpui	22.9759	92.7098	MZ	0	0
thungling	27.1643	88.1704	SK	0	0
thuruk	25.3217	92.7150	ML	0	0
tihu pt	26.4822	91.3200	AS	1	81298
tikalpur	24.9495	92.9629	AS	0	0
tikhak rima putok	27.3368	96.2170	AR	0	0
tikhak rima putok circle	27.3500	96.3808	AR	1	1344
tikirabali	27.3409	95.1354	AS	0	0
tikpur	27.1314	88.1384	SK	0	0
tikrikila	25.9410	90.2210	ML	0	0
tikrikilla	25.9181	90.3005	ML	1	58388
tilabani	26.3926	89.8843	AS	0	0
tilai	27.6696	96.3146	AR	0	0
tilapara	25.9747	90.9009	AS	0	0
timorbong	27.1579	88.1833	SK	0	0
tinali paglam circle	28.0147	95.5742	AR	1	5319
tinek	27.2416	88.5052	SK	0	0
tingaon	25.0541	92.5732	AS	0	0
tingiri nc	27.3727	94.2795	AS	0	0
tingkhong	27.2205	95.1033	AS	1	159295
tingling	27.1971	88.4482	SK	0	0
tingrai borhula	27.4017	95.2345	AS	0	0
tingrai gaon	27.4679	95.5670	AS	0	0
tiniali	26.5657	93.9942	AS	0	0
tinkhang	27.2132	95.1732	AS	0	0
tinkitam	27.2392	88.3302	SK	0	0
tinsong	24.2904	93.1970	MN	0	0
tinsukia	27.6000	95.6000	AS	1	1327929
tipaimukh	24.2673	93.1488	MN	1	16117
tipamia	27.2637	95.1767	AS	0	0
tipang	27.2996	95.8571	AR	0	0
tipkai	26.2897	90.0325	AS	0	0
tiplai	26.0503	90.9809	AS	0	0
tirap	27.0192	95.5179	AR	1	111975
tirbin	28.0217	94.5734	AR	0	0
tirbin eac	28.0145	94.5760	AR	1	5662
tirkang	29.0896	95.1464	AR	0	0
titabar	26.6014	94.2039	AS	0	7836
titabor	26.5047	94.1693	AS	1	201791
titabor tangia	26.3155	94.0639	AS	0	0
titabor town	26.5919	94.1945	AS	0	17920
titkuri	26.4526	91.7125	AS	0	0
tiyingchomo	26.1122	94.2446	NL	0	0
tizit	26.8981	95.0398	NL	1	23698
tlabung	22.9120	92.4980	MZ	0	4554
tlangnuam	23.7432	92.7168	MZ	1	311731
toichum	24.1634	93.8015	MN	0	0
tokal	27.2323	88.4681	SK	0	0
tokiye	26.0219	94.6601	NL	1	4565
tokradia	26.2426	91.5527	AS	0	0
tolbol	24.2669	93.2817	MN	0	0
tolbung	24.3842	93.1520	MN	0	0
tonglon	24.2418	93.5377	MN	0	0
tongseng	25.3239	92.5021	ML	0	0
tonwa	28.3082	96.0311	AR	0	0
torban	24.7676	93.9469	MN	0	5459
toru circle	27.2541	93.7251	AR	1	3006
tousem	25.0855	93.3659	MN	0	0
toushen khund	25.1168	93.3836	MN	0	0
tralin	28.6564	96.2152	AR	0	0
tsaikiyang	25.9762	94.6669	NL	0	0
tseminyu	25.9416	94.1601	NL	1	56839
tsetang	27.8333	88.7833	SK	0	0
tsogin	25.9278	94.0649	NL	1	5525
tsudikong	26.6798	94.6436	NL	0	4416
tsurangkong	26.4681	94.3525	NL	1	242
tsurungto	26.0072	94.8535	NL	1	1294
tsutuho	25.8057	94.6141	MN	0	0
tualbung	23.7621	92.9404	MZ	0	0
tuensang	26.2670	94.8242	NL	0	36774
tuensang district	26.2500	94.7500	NL	1	196596
tuensang sadar	26.2619	94.7929	NL	1	47885
tuibong	24.3427	93.6512	MN	1	59875
tuichawngtlang	22.1523	92.6785	MZ	0	626
tuichong	22.9177	92.5230	MZ	0	0
tuidam	23.9265	92.3690	MZ	0	0
tuidang	22.2544	92.8287	MZ	0	0
tuilutkawn	23.7147	92.4467	MZ	0	0
tuipang	22.1709	92.9439	MZ	1	19366
tuisen	23.5290	93.1742	MZ	0	0
tuisentlang	22.1185	92.6802	MZ	0	726
tukkalh	23.9317	92.3722	TR	0	0
tukrajhar	26.6639	90.4514	AS	0	0
tukrapara	26.0964	91.2242	AS	0	0
tulihal	24.7538	93.8855	MN	0	0
tulshimukh	26.2047	93.2053	AS	0	0
tulsimukh	26.2473	92.6801	AS	0	0
tumlong	27.4167	88.5833	SK	0	0
tumpung	26.1984	93.1565	AS	0	0
tupamari	26.1354	91.0903	AS	0	0
tuphema	25.4805	94.1363	MN	0	0
tupkhana pt i	24.8558	92.7612	AS	0	4640
tupul	24.7319	93.4751	MN	0	0
turet	27.1454	95.5895	AR	0	0
turibari	27.3614	94.6296	AS	0	0
turukdanda	27.1042	88.4076	SK	0	0
turung	27.1422	88.5067	SK	0	0
tusom	24.7920	94.4268	MN	0	0
tusora khulan	25.4011	94.5891	MN	0	0
tuting	28.9834	94.8568	AR	0	0
tuting adc	29.0794	94.7332	AR	1	5278
udaipur	23.5526	91.4946	TR	1	277842
udalguri	26.7336	92.0921	AS	1	831668
udarband	24.8820	92.8818	AS	0	0
udarbond	24.9648	92.9603	AS	1	124090
udari	26.2860	92.2951	AS	0	0
udiana	26.4609	91.6060	AS	0	4644
uiphum	22.4958	92.6093	MZ	0	0
ujani majuli circle	27.0003	94.3006	AS	1	6018
ukhrul	25.0483	94.3588	MN	1	183998
ukiam	25.8163	91.3250	ML	0	0
ulubam	26.1176	92.1017	AS	0	0
ulubari	27.1865	94.0989	AS	0	0
umednagar	24.5667	92.6167	AS	0	0
umjah	25.4911	91.1141	ML	0	0
umlaiteng	25.7964	92.0668	ML	0	0
umling	25.9661	91.9389	ML	1	87021
umlympung	25.4706	91.8239	ML	0	0
umpanai christian	25.9357	92.2926	AS	0	0
umpli	25.8734	91.8819	ML	0	0
umran	25.7701	91.8781	ML	0	0
umrangso	25.5119	92.7376	AS	0	10376
umshem	25.7247	91.2917	ML	0	0
umsning	25.8397	91.9878	ML	1	75512
umsohphie	25.6471	91.8137	ML	0	0
umswai	25.9400	92.2387	AS	0	0
unakoti	24.3278	92.0038	TR	1	277335
ungku	27.1890	88.2857	SK	0	0
ungma	26.2963	94.5038	NL	0	0
upar hali	26.1031	91.5088	AS	0	7095
upper siang	28.8335	94.9181	AR	1	0
upper subansiri	28.3000	94.0000	AR	1	83448
urao basti	26.8762	93.4273	AS	0	0
uriamguri	27.3326	95.2032	AS	0	0
uriamguri baligaon	27.3892	94.2979	AS	0	0
uriyamguri	27.5087	94.3334	AS	0	0
uttar athiabari	26.5233	90.9619	AS	0	6091
uttar champamura	23.8312	91.3399	TR	0	11359
uttar krishnapur part-i	24.7906	92.7934	AS	0	6960
uttar krishnapur pt iii	24.7759	92.7924	AS	0	5187
uzankuri	26.1041	91.6011	AS	0	0
vally view	25.8625	93.4417	AS	0	0
vanbawng	24.0409	93.0604	MZ	0	0
vancheng	23.4371	93.0459	MZ	0	0
vandal	9.4605	78.7908	MZ	0	0
vangai range	24.4858	93.1110	MN	1	12678
vanghmun	23.9875	92.2797	TR	0	0
vapar	23.6273	93.3372	MZ	0	0
vawklian	24.4537	92.9951	AS	0	0
vawmbuk	22.5953	93.0767	MZ	0	0
vawngawn	24.0605	92.5148	MZ	0	0
vijaynagar	27.1909	96.9934	AR	0	0
vijoynagar eac	27.2691	96.9532	AR	1	4438
vikramaningapuram	8.7148	77.3303	MZ	0	0
villiseri	9.0476	77.8031	MZ	0	0
viswema	25.5607	94.1463	MN	0	0
wabagai	24.5309	93.9376	MN	0	0
waheng khuman	24.6685	93.8649	MN	0	0
wahjajer	25.5314	92.1617	ML	0	0
waikhong	24.3470	93.8817	MN	1	41253
waitang	25.3190	92.8199	ML	0	0
wakching	26.7303	94.8961	NL	1	22178
wakka	26.7870	95.4344	AR	0	0
wakka sdo	26.7924	95.4374	AR	1	11216
wakro	27.7821	96.3474	AR	0	0
wakro circle	27.7841	96.4912	AR	1	8927
walong	28.1303	97.0163	AR	0	0
walong circle	28.0598	97.0900	AR	1	1201
wangjing	24.5892	94.0639	MN	0	8055
wangla	26.8072	95.0051	NL	0	0
wangoi	24.6097	93.8455	MN	1	141049
wansa	26.9570	95.3366	AR	0	0
wathegiri	25.8686	90.2984	AS	0	0
west bunghmun	23.2074	92.5300	MZ	1	18813
west garo hills	25.5679	90.2245	ML	1	643291
west jaintia hills	25.5000	92.2500	ML	1	395124
west kameng	27.4000	92.3500	AR	1	83947
west karbi anglong	25.8899	92.8388	AS	1	0
west khasi hills	25.5478	91.2696	ML	1	383461
west phaileng	23.5266	92.4246	MZ	1	21309
west siang	28.1420	94.5144	AR	1	112274
west tripura	23.8858	91.3996	TR	1	1725739
weziho	25.6481	94.7812	NL	1	1329
williamnagar	25.4955	90.6168	ML	0	24597
willong	25.4754	93.9026	MN	1	25217
wilong	25.4690	93.9715	MN	0	0
wintong	27.3692	96.2125	AR	0	0
wokha	26.1667	94.2500	NL	1	166343
wokha sadar	26.0811	94.2106	NL	1	58186
wozhuro	26.0091	94.1255	NL	1	8680
yachuli	27.5090	93.7810	AR	0	0
yachuli adc	27.6985	93.8197	AR	1	8566
yagrung	28.0118	95.2300	AR	0	0
yaingangpokpi	24.9081	94.1190	MN	0	0
yairipok	24.6779	94.0477	MN	0	9569
yamua khunov	24.4906	93.7407	MN	0	0
yangang	27.3575	88.4372	SK	1	18892
yangching	26.4468	94.8845	NL	0	0
yangpi	26.4017	94.7762	NL	0	0
yangte	27.8235	93.6284	AR	0	0
yangte circle	27.8597	93.6395	AR	1	6910
yangthang	27.2836	88.2388	SK	0	0
yanman	27.0571	95.7221	AR	0	0
yapuik	28.4786	94.4246	AR	0	0
yatdam	27.1294	95.6936	AR	0	0
yatdam circle	27.0811	95.6881	AR	1	2793
yazali	27.4072	93.7460	AR	0	0
yazali circle	27.3847	93.6948	AR	1	9663
yedbuk	27.1308	95.9386	AR	0	0
yekhum	26.1501	94.2352	NL	0	0
yemsing	28.1025	95.0038	AR	0	0
yengji	27.3333	93.0167	AR	0	0
yezami	26.0500	94.5667	NL	0	0
yimpang	26.3210	94.1847	AS	0	0
yimtsung-aenrr	26.1045	94.7885	NL	0	0
yingkiong	28.6104	95.0475	AR	0	6540
yingkiong circle	28.6781	95.0689	AR	1	8573
yingku	28.4438	94.8834	AR	0	0
yomcha	28.1264	94.5522	AR	0	0
yomcha adc	28.1159	94.5942	AR	1	2315
yomtam	27.9236	93.3007	AR	0	0
yongnyah	26.5970	94.8099	NL	1	9831
yongya	26.5945	94.8135	NL	0	0
youpi	24.0972	93.9797	MN	0	0
yuksom	27.4574	88.1639	SK	1	19047
yume samdong	27.9099	88.7112	SK	0	0
yumtang	27.8028	88.6997	SK	0	0
yupia	27.1467	93.7192	AR	0	0
zakhung	27.9028	88.4159	SK	0	0
zanak	27.9016	88.2736	SK	0	0
zapami	25.5352	94.2469	NL	0	0
zawlnuam	23.9952	92.4315	MZ	1	47188
zawlpui	24.1200	92.3410	MZ	0	0
zawngin	23.9028	93.0181	MZ	0	0
zawngling	22.2511	93.0449	MZ	0	0
zeluk	27.2514	88.7826	SK	0	0
zemabawk	23.7392	92.7452	MZ	0	0
zemithang	27.7094	91.7275	AR	0	0
zemithang circle	27.7131	91.7354	AR	1	2926
zhekiya	25.9300	94.4899	NL	0	0
zhobumai	25.4694	94.3706	MN	0	0
zhumkiri	25.8811	94.8627	NL	0	0
zikzak	25.3768	89.9251	ML	1	78221
ziro hq	27.5224	93.9235	AR	1	22747
zobawk	23.5576	92.8304	MZ	0	0
zochachhuah	22.1325	92.7733	MZ	0	333
zokhawthar	23.3658	93.3842	MZ	0	0
zotlang	23.8290	92.4843	MZ	0	0
zuchhip	23.4771	93.1530	MZ	0	0
zuketsa	25.5270	94.2318	NL	1	5244
zulhami	25.8245	94.3910	NL	0	0
zunheboto	26.0000	94.5000	NL	1	140757
zunheboto sadar	26.0263	94.5218	NL	1	35977
